uid;fb_id;f_id;kb_id;ha_id;k_id;code;aufbau;zyklus;aufzaehlungspunkt;strukturtyp;sprache;bezeichnung
101kbeFpDznYevNcdDfwqhdEa3UYvMmmK;1;11.0;5.0;;;D.5;;;;Kompetenzbereich;DE;Sprache(n) im Fokus
101ha2ctNKNb4d5kTPaFd2zftYqdbBdhD;1;11.0;2.0;3.0;;D.2.C;;;;Handlungs-/Themenaspekt;DE;Verstehen literarischer Texte
101haUXNrgKPgJ6ZwRdcNdAvuev4rufVz;1;11.0;3.0;1.0;;D.3.A;;;;Handlungs-/Themenaspekt;DE;Grundfertigkeiten
101haYxXyX9cYcRZkncDhzfF3MZB2HUhs;1;11.0;4.0;7.0;;D.4.G;;;;Handlungs-/Themenaspekt;DE;Reflexion über den Schreibprozess und eigene Schreibprodukte
101haKRbVm3aLLCZm3Y8VeCPuTZUw32s4;1;11.0;5.0;1.0;;D.5.A;;;;Handlungs-/Themenaspekt;DE;Verfahren und Proben
101haKyAcLDskbHEBghkmGqvYtuMxtUkJ;1;11.0;5.0;4.0;;D.5.D;;;;Handlungs-/Themenaspekt;DE;Grammatikbegriffe
101hakDeCfxRKmGJ9ZrrXwVyeFYWyaZL2;1;11.0;6.0;3.0;;D.6.C;;;;Handlungs-/Themenaspekt;DE;Literarische Texte: Beschaffenheit und Wirkung
101kkzcLJBXg79dW3ct8Su6wC7mypWx64;1;11.0;1.0;1.0;1.0;D.1.A.1;;;;Kompetenz;DE;Die Schülerinnen und Schüler können Laute, Silben, Stimmen, Geräusche und Töne wahrnehmen, einordnen und vergleichen. Sie können ihren rezeptiven Wortschatz aktivieren, um das Gehörte angemessen schnell zu verstehen.
101kkVykcysTsVKc374RfXFgX8Hb2W5ZW;1;11.0;2.0;3.0;1.0;D.2.C.1;;;;Kompetenz;DE;Die Schülerinnen und Schüler können literarische Texte lesen und verstehen.
101kkHPCdH4wMFuxHwnGrkurvXXMDhzhe;1;11.0;4.0;3.0;1.0;D.4.C.1;;;;Kompetenz;DE;Die Schülerinnen und Schüler können ein Repertoire an angemessenen Vorgehensweisen zum Ideenfinden und Planen aufbauen und dieses im Schreibprozess zielführend einsetzen.
101kkw6LCyFskBKbuN2g8C2WXAJUT9NN4;1;11.0;4.0;6.0;1.0;D.4.F.1;;;;Kompetenz;DE;Die Schülerinnen und Schüler können ihren Text in Bezug auf Rechtschreibung und Grammatik überarbeiten.
101kkr3aW2hvS9upZWufcgSUKuwf88bGA;1;11.0;5.0;2.0;1.0;D.5.B.1;;;;Kompetenz;DE;Die Schülerinnen und Schüler können den Gebrauch und die Wirkung von Sprache untersuchen.
101kkbnJJxSfX3P6tsJ5UHB77bbggUnd9;1;11.0;6.0;1.0;1.0;D.6.A.1;;;;Kompetenz;DE;Die Schülerinnen und Schüler können spielerisch und kreativ gestaltend mit literarischen Texten umgehen.
101kkZALa5WcnTDHtmHqMBcKEeC626RxT;1;11.0;6.0;3.0;1.0;D.6.C.1;;;;Kompetenz;DE;Die Schülerinnen und Schüler erfahren, erkennen und reflektieren, dass literarische Texte in Bezug auf Inhalt, Form und Sprache bewusst gestaltet sind, um eine ästhetische Wirkung zu erzielen. Sie kennen wesentliche Merkmale von Genres und literarischen Gattungen.
101BkYEKJDbEFansx7VtD66VYcFCnnTuv;1;11.0;1.0;2.0;1.0;D.1.B.1.c;1.0;1.0;;Kompetenzstufe;DE;
101E4Fb7cHxKGW4fPeWRVrNWqqkdeyACD;1;11.0;1.0;2.0;1.0;D.1.B.1.f;1.0;2.0;;Kompetenzstufe;DE;
1017M9Z43HznZmYEeFkfhLBbrCRwvsVkD;1;11.0;1.0;3.0;1.0;D.1.C.1.a;1.0;1.0;;Kompetenzstufe;DE;
101kthNZ8URAq3h6tsn79tS7PPmTVxGvK;1;11.0;1.0;3.0;1.0;D.1.C.1.b;1.0;1.0;;Kompetenzstufe;DE;
1019GTYUSYethdwDTzvsHHusqZpdUTCF6;1;11.0;1.0;3.0;1.0;D.1.C.1.c;1.0;12.0;;Kompetenzstufe;DE;
1019CMEsRHHPHuvhnkEKGHzaZUNzPwrRW;1;11.0;2.0;2.0;1.0;D.2.B.1.a;1.0;1.0;;Kompetenzstufe;DE;
101yFJ3KK9h9bdHKrmC8xXWe7hWmJ6eVN;1;11.0;2.0;2.0;1.0;D.2.B.1.c;1.0;1.0;;Kompetenzstufe;DE;
101UMHbvq9N33evnytR4eU3qHbcATsB77;1;11.0;2.0;2.0;1.0;D.2.B.1.i;1.0;3.0;;Kompetenzstufe;DE;
10168NX2ep9E87gxgSGWtgxAPxyr7YnPs;1;11.0;2.0;3.0;1.0;D.2.C.1.g;1.0;23.0;;Kompetenzstufe;DE;
101aBGxpb6SLRARvdJFH5NLLp6xN3NnCx;1;11.0;2.0;3.0;1.0;D.2.C.1.h;1.0;3.0;;Kompetenzstufe;DE;
101svwN76aS77kW3s8MKfC7nk7r229tPC;1;11.0;2.0;4.0;1.0;D.2.D.1.a;1.0;1.0;;Kompetenzstufe;DE;
101vYPWqwq2WnxW9AX96kdNkvkTeE3xre;1;11.0;2.0;4.0;1.0;D.2.D.1.d;1.0;3.0;;Kompetenzstufe;DE;
101uJcPS4sgz8Zm5RwHJe7Myam92HsfDy;1;11.0;2.0;4.0;1.0;D.2.D.1.e;1.0;3.0;;Kompetenzstufe;DE;
101mmeDVwyD5r7CtWTzt6fhRkznG42Xc3;1;11.0;3.0;1.0;1.0;D.3.A.1.a;1.0;1.0;;Kompetenzstufe;DE;
101Bkq3275g6xh5Z9r8pbnzYvEdUzkvp8;1;11.0;3.0;1.0;1.0;D.3.A.1.d;1.0;2.0;;Kompetenzstufe;DE;
101Fnqg2t958Py9zWc588R4xV4vJRX6wn;1;11.0;3.0;2.0;1.0;D.3.B.1.d;1.0;12.0;;Kompetenzstufe;DE;
101pD4KghZfFchU49ZaUhwJDALbDA9DxF;1;11.0;3.0;2.0;1.0;D.3.B.1.e;1.0;2.0;;Kompetenzstufe;DE;
101KTPkFCRHJxn9XuUp9mzPtRrw55MA9V;1;11.0;3.0;2.0;1.0;D.3.B.1.g;1.0;23.0;;Kompetenzstufe;DE;
101Aa5vBPKCfY99YyMEDpDFkHTbmmkLed;1;11.0;3.0;2.0;1.0;D.3.B.1.i;1.0;3.0;;Kompetenzstufe;DE;
101pqNgyrNhkPUH4a4hCFeX7wLZdphzmP;1;11.0;3.0;3.0;1.0;D.3.C.1.b;1.0;1.0;;Kompetenzstufe;DE;
101wJwJUbEpybzKyz9WxTcmMJSG5rrueZ;1;11.0;3.0;3.0;1.0;D.3.C.1.j;1.0;3.0;;Kompetenzstufe;DE;
1015J2uJfDvUBBs3s97sfvNt6KgGcw5hW;1;11.0;3.0;4.0;1.0;D.3.D.1.a;1.0;1.0;;Kompetenzstufe;DE;
101P2v5hN6nu598fLSTcLREHvetJ3AHgq;1;11.0;4.0;1.0;1.0;D.4.A.1.c;1.0;1.0;;Kompetenzstufe;DE;
101XgPKugNAzgcB2nnXnXsGbpvZkBvJmr;1;11.0;4.0;1.0;1.0;D.4.A.1.d;1.0;1.0;;Kompetenzstufe;DE;
10186tRJNmXg2PaYXqCMqmme7qmxw4HxD;1;11.0;4.0;1.0;1.0;D.4.A.1.e;1.0;12.0;;Kompetenzstufe;DE;
101cWkT2eFdJcYh7MLtTMVTxFHDqvPcv9;1;11.0;4.0;1.0;1.0;D.4.A.1.h;1.0;23.0;;Kompetenzstufe;DE;
101knT4rW2yzNeXZU8HpgwqJaMDEPNqgp;1;11.0;4.0;1.0;1.0;D.4.A.1.i;1.0;3.0;;Kompetenzstufe;DE;
101dXKeyC6vT2m32GMTeztGEaAedzWa2t;1;11.0;4.0;2.0;1.0;D.4.B.1.a;1.0;1.0;;Kompetenzstufe;DE;
101Y7b8Ypz8UwcffZKPLFd9XvTZZS4kqE;1;11.0;4.0;2.0;1.0;D.4.B.1.d;1.0;2.0;;Kompetenzstufe;DE;
101zyUV6XfakqgAdUugUurYBAAUup6SLS;1;11.0;4.0;2.0;1.0;D.4.B.1.e;1.0;2.0;;Kompetenzstufe;DE;
101NWHw8DZbLk2JhLURhBrnUtKpqm3f7z;1;11.0;4.0;2.0;1.0;D.4.B.1.f;1.0;23.0;;Kompetenzstufe;DE;
101W5XMShSUEPWCJxeV6DyqtKk72ah5sH;1;11.0;4.0;3.0;1.0;D.4.C.1.b;1.0;1.0;;Kompetenzstufe;DE;
10138fXp7nTJkHdV6HyyPEP4EJVERWyep;1;11.0;4.0;3.0;1.0;D.4.C.1.c;1.0;12.0;;Kompetenzstufe;DE;
10127tC7Ct4CnbVRLZAS6v59dvTKWAu49;1;11.0;4.0;3.0;1.0;D.4.C.1.f;1.0;23.0;;Kompetenzstufe;DE;
101DybL2gJr5pPeHE7G7Gy53fLsvxZcgd;1;11.0;4.0;4.0;1.0;D.4.D.1.d;1.0;2.0;;Kompetenzstufe;DE;
101aNJhGeaREccKkf5p4UR9CF8uSEXPYA;1;11.0;4.0;5.0;1.0;D.4.E.1.f;1.0;3.0;;Kompetenzstufe;DE;
101SVEmHAgVL3fHYnaWxn9xDskMZg3Yaw;1;11.0;4.0;6.0;1.0;D.4.F.1.a;1.0;1.0;;Kompetenzstufe;DE;
1012zpEWYME6RFBBMV4mYFR7cCTZbJW7A;1;11.0;4.0;6.0;1.0;D.4.F.1.c;1.0;2.0;;Kompetenzstufe;DE;
101XLa9JaDAXhUCk2Na6bcz7JWUeM6PDv;1;11.0;5.0;2.0;1.0;D.5.B.1.b;1.0;1.0;;Kompetenzstufe;DE;
101Hu7JHFCgttHxsenuPLfX7Vwq3pta6J;1;11.0;5.0;3.0;1.0;D.5.C.1.a;1.0;1.0;;Kompetenzstufe;DE;
101Z6PKKPtxsfpFpC7a4TMVVvKSK9GSWR;1;11.0;5.0;5.0;1.0;D.5.E.1.c;1.0;2.0;;Kompetenzstufe;DE;
101HstW6CdE3r8896MdeEa9aTwquNDwUU;1;11.0;6.0;1.0;1.0;D.6.A.1.b;1.0;1.0;;Kompetenzstufe;DE;
101L35CeNs6cge6UDSeb3tf8qunUepwrR;1;11.0;6.0;1.0;2.0;D.6.A.2.b;1.0;1.0;;Kompetenzstufe;DE;
101uyLhcFMRUX7cYkrYJ94qShFK4XTUfS;1;11.0;6.0;1.0;2.0;D.6.A.2.d;1.0;12.0;;Kompetenzstufe;DE;
101aU2GnhEMVMNG2tpZCftHfKhx7Nfw83;1;11.0;6.0;1.0;2.0;D.6.A.2.i;1.0;3.0;;Kompetenzstufe;DE;
1013qV8fUT99tvtxa5dWRfKNbc8DfRpTJ;1;11.0;6.0;3.0;1.0;D.6.C.1.g;1.0;23.0;;Kompetenzstufe;DE;
101ca7TEWzkpNT4uyxWKku4fRGXcJCRuU;1;11.0;6.0;3.0;1.0;D.6.C.1.i;1.0;3.0;;Kompetenzstufe;DE;
101kbTzDBgVFv7hzzhRWcAXbKd2ecnRzT;5;0.0;3.0;;;MA.3;;;;Kompetenzbereich;DE;Grössen, Funktionen, Daten und Zufall
101hayztzRNKEKzCNXdBRHpLUHedCKtbF;5;0.0;3.0;1.0;;MA.3.A;;;;Handlungs-/Themenaspekt;DE;Operieren und Benennen
101kk987Gsh6eN3JpCu9gwfWHrhEYNq3A;5;0.0;1.0;1.0;2.0;MA.1.A.2;;;;Kompetenz;DE;Die Schülerinnen und Schüler können flexibel zählen, Zahlen nach der Grösse ordnen und Ergebnisse überschlagen.
101kkt8fZtJzw6arsmgv9VuhfpgB3GfMR;5;0.0;1.0;1.0;4.0;MA.1.A.4;;;;Kompetenz;DE;Die Schülerinnen und Schüler können Terme vergleichen und umformen, Gleichungen lösen, Gesetze und Regeln anwenden.
101kkbNcyADzu7rYWkzqvfmRTsUnCCfvn;5;0.0;2.0;3.0;2.0;MA.2.C.2;;;;Kompetenz;DE;Die Schülerinnen und Schüler können Figuren falten, skizzieren, zeichnen und konstruieren sowie Darstellungen zur ebenen Geometrie austauschen und überprüfen.
101kk6BGtd9mhUwnU3RbgdKW2988eEdZX;5;0.0;3.0;1.0;1.0;MA.3.A.1;;;;Kompetenz;DE;Die Schülerinnen und Schüler verstehen und verwenden Begriffe und Symbole zu Grössen, Funktionen, Daten und Zufall.
101kk2DDSqUSEmJhvW8S2beKCN59K7F7G;5;0.0;3.0;1.0;2.0;MA.3.A.2;;;;Kompetenz;DE;Die Schülerinnen und Schüler können Grössen schätzen, messen, umwandeln, runden und mit ihnen rechnen.
101kkuz36rSmGDe4cktgkHCLH7tMpxadR;5;0.0;3.0;1.0;3.0;MA.3.A.3;;;;Kompetenz;DE;Die Schülerinnen und Schüler können funktionale Zusammenhänge beschreiben und Funktionswerte bestimmen.
101kkSmff3WptEVFcNd3CJxCx2sBG4N6N;5;0.0;3.0;3.0;1.0;MA.3.C.1;;;;Kompetenz;DE;Die Schülerinnen und Schüler können Daten zu Statistik, Kombinatorik und Wahrscheinlichkeit erheben, ordnen, darstellen, auswerten und interpretieren.
101BByt3424Lx9eBc8mGU6p5hkHBvGLPw;5;0.0;1.0;1.0;1.0;MA.1.A.1.d;1.0;12.0;;Kompetenzstufe;DE;
101MbwFExmKT2AB4TnVcEMs33kRkH3cHL;5;0.0;1.0;1.0;1.0;MA.1.A.1.f;1.0;2.0;;Kompetenzstufe;DE;
101zccGqUEJFM5fNemUp9JhYum56gfyTk;5;0.0;1.0;1.0;1.0;MA.1.A.1.g;1.0;2.0;;Kompetenzstufe;DE;
101ae4LP3zUc7Lv3nZNtvtpBAsVS2bBBc;5;0.0;1.0;1.0;1.0;MA.1.A.1.h;1.0;23.0;;Kompetenzstufe;DE;
101CSM4FTe2egcZ7P2P9KYnuqd63dvNg5;5;0.0;1.0;1.0;2.0;MA.1.A.2.j;1.0;3.0;;Kompetenzstufe;DE;
101we56dpFVeeGyA4hqFf8CvEwn2XXq5f;5;0.0;1.0;1.0;3.0;MA.1.A.3.b;1.0;1.0;;Kompetenzstufe;DE;
101JML6Z9r7HRJSA3tk9f28zb33c8LpwB;5;0.0;1.0;1.0;3.0;MA.1.A.3.f;1.0;2.0;;Kompetenzstufe;DE;
101f5xb49rsYvVBMcLDq693xdNvvSYVHM;5;0.0;1.0;1.0;3.0;MA.1.A.3.j;1.0;3.0;;Kompetenzstufe;DE;
101kSAkAr2maExwz4HHC4z7x4eemPCXgH;5;0.0;1.0;1.0;4.0;MA.1.A.4.h;1.0;23.0;;Kompetenzstufe;DE;
101BMSzqF9ZhKud3pbG626bLqq3gm3aMG;5;0.0;1.0;2.0;1.0;MA.1.B.1.d;1.0;12.0;;Kompetenzstufe;DE;
101W4sDE8yN5LnDtyuz5sWFHErHw3bS4C;5;0.0;1.0;2.0;1.0;MA.1.B.1.f;1.0;2.0;;Kompetenzstufe;DE;
1019TzSLCHfnSpazsCWy7mmkHwW5m23vW;5;0.0;1.0;2.0;1.0;MA.1.B.1.g;1.0;2.0;;Kompetenzstufe;DE;
101SyzBDXUq6p2WhDrCGEvFNDSeeCg3HE;5;0.0;1.0;2.0;1.0;MA.1.B.1.h;1.0;2.0;;Kompetenzstufe;DE;
101nEpGSc4bsYLmecsEuavAhMAPEw8nZG;5;0.0;1.0;2.0;1.0;MA.1.B.1.l;1.0;3.0;;Kompetenzstufe;DE;
1019sK6ZdsPgeVvNF4ZcGcDYpZAHwpA6c;5;0.0;1.0;2.0;2.0;MA.1.B.2.e;1.0;2.0;;Kompetenzstufe;DE;
101wB4dse7LnEcbSUZgVcp6mxc2cHYdST;5;0.0;1.0;2.0;2.0;MA.1.B.2.f;1.0;2.0;;Kompetenzstufe;DE;
101KHT3ut8tfgqxGYJ2wHnfxE9aBJvdNq;5;0.0;1.0;2.0;2.0;MA.1.B.2.h;1.0;23.0;;Kompetenzstufe;DE;
101P6gkbBUSurYHHrYScDFEWs48GwXhBZ;5;0.0;1.0;2.0;2.0;MA.1.B.2.i;1.0;3.0;;Kompetenzstufe;DE;
1017649H5zVNAYt4VMgxJhyHGzqBduGTM;5;0.0;1.0;2.0;2.0;MA.1.B.2.j;1.0;3.0;;Kompetenzstufe;DE;
101mWr32GU8g5CGNn8Ap545N8vgzqfTWF;5;0.0;1.0;2.0;3.0;MA.1.B.3.b;1.0;1.0;;Kompetenzstufe;DE;
101uwJJTYUkD73pzWV3F4XbXEYbP9e9ME;5;0.0;1.0;3.0;2.0;MA.1.C.2.a;1.0;1.0;;Kompetenzstufe;DE;
101b9C9US68aGKPuWwCxUy86ayTZTFCpD;5;0.0;1.0;3.0;2.0;MA.1.C.2.c;1.0;1.0;;Kompetenzstufe;DE;
101TuxxXA583mVZ8hKz2nGThMfdDadGWT;5;0.0;1.0;3.0;2.0;MA.1.C.2.d;1.0;12.0;;Kompetenzstufe;DE;
101VERvrLwrZWBmfDHBDN9NLvYZVuTwFZ;5;0.0;1.0;3.0;2.0;MA.1.C.2.g;1.0;2.0;;Kompetenzstufe;DE;
101K6VqT7ZMLJ58we4SgwFyAABJfaEd4X;5;0.0;2.0;1.0;1.0;MA.2.A.1.a;1.0;1.0;;Kompetenzstufe;DE;
101LsWa72yn7WHXJrc2EKAcc6ubtAMba6;5;0.0;2.0;1.0;2.0;MA.2.A.2.e;1.0;2.0;;Kompetenzstufe;DE;
101XAZWTHg4LcS47JGGHHYskdKx246VBm;5;0.0;2.0;1.0;2.0;MA.2.A.2.h;1.0;3.0;;Kompetenzstufe;DE;
101u75yn9wLbgpfLahRG3pLJbwGgV45HM;5;0.0;2.0;1.0;2.0;MA.2.A.2.i;1.0;3.0;;Kompetenzstufe;DE;
101cg8HuDtxcZDXGsBeV4nFSLUrxcmAaJ;5;0.0;2.0;1.0;3.0;MA.2.A.3.a;1.0;1.0;;Kompetenzstufe;DE;
101Ha2yEHxJtSMdA24wAY7EshAD4BV859;5;0.0;2.0;1.0;3.0;MA.2.A.3.c;1.0;12.0;;Kompetenzstufe;DE;
101PkqMkqzxUs36hHHkYEzbSuMg99acT6;5;0.0;2.0;1.0;3.0;MA.2.A.3.h;1.0;3.0;;Kompetenzstufe;DE;
1014DfGArf7M2CvF4mnsGaB9Gst6ncsCg;5;0.0;2.0;2.0;1.0;MA.2.B.1.a;1.0;1.0;;Kompetenzstufe;DE;
101aDV599HUb3bZZeMJgH3UNmUAcYKyAe;5;0.0;2.0;2.0;1.0;MA.2.B.1.c;1.0;1.0;;Kompetenzstufe;DE;
10158NP8xBcCCHapU6Myfy4FDkcCTz5vF;5;0.0;2.0;2.0;1.0;MA.2.B.1.f;1.0;2.0;;Kompetenzstufe;DE;
1017YPuYtVEhxaqSCde9gG2P349v6FYWV;5;0.0;2.0;2.0;2.0;MA.2.B.2.a;1.0;12.0;;Kompetenzstufe;DE;
101t9PrGfPYqAzTxAUm6tYKb3vVcsgSUa;5;0.0;2.0;2.0;2.0;MA.2.B.2.b;1.0;2.0;;Kompetenzstufe;DE;
101DvkPwWcdbMYarFv3LECgxa6WKuRJ9s;5;0.0;2.0;2.0;2.0;MA.2.B.2.f;1.0;3.0;;Kompetenzstufe;DE;
101JkEJVPbaF8uc3Mbkv7kSarn95CHSBg;5;0.0;2.0;3.0;1.0;MA.2.C.1.d;1.0;12.0;;Kompetenzstufe;DE;
101c7DDzYFnggc567E5VRw7RAp7SuaFGR;5;0.0;2.0;3.0;3.0;MA.2.C.3.e;1.0;2.0;;Kompetenzstufe;DE;
101yaZ7dKc4x8Dgc6sCW5nUmFrgspBnDy;5;0.0;2.0;3.0;3.0;MA.2.C.3.f;1.0;3.0;;Kompetenzstufe;DE;
101gY7RVyZhuVLMRcxcbFyu8Xf95DpRe7;5;0.0;2.0;3.0;4.0;MA.2.C.4.d;1.0;2.0;;Kompetenzstufe;DE;
101bAAWk8VaeVXJU8qEFTLkgqx5mp7WnZ;5;0.0;2.0;3.0;4.0;MA.2.C.4.i;1.0;3.0;;Kompetenzstufe;DE;
101nUtKvCzTacq2guRRgW8RLVqrH4nqBb;5;0.0;3.0;1.0;1.0;MA.3.A.1.l;1.0;3.0;;Kompetenzstufe;DE;
1018HN42rZaqPb99WJb6DwBuLXMkm25bx;5;0.0;3.0;1.0;2.0;MA.3.A.2.f;1.0;2.0;;Kompetenzstufe;DE;
101NRnbC2p8L3PkZTHYhtR467963TrKrH;5;0.0;3.0;1.0;2.0;MA.3.A.2.h;1.0;2.0;;Kompetenzstufe;DE;
101pKB7pMb6w5xLuVhrbVUpKHsTtYKMYh;5;0.0;3.0;1.0;2.0;MA.3.A.2.j;1.0;3.0;;Kompetenzstufe;DE;
101Tzm9m9SUDbK33rG5wxmVhDyYvDgxuT;5;0.0;3.0;1.0;3.0;MA.3.A.3.f;1.0;23.0;;Kompetenzstufe;DE;
1015AqRRWXKpsYxtycgcBdfhPftdX5R58;5;0.0;3.0;1.0;3.0;MA.3.A.3.g;1.0;3.0;;Kompetenzstufe;DE;
101MuvGaTsrvRxLNzdpLTL28YwVnvb2TF;5;0.0;3.0;2.0;2.0;MA.3.B.2.a;1.0;1.0;;Kompetenzstufe;DE;
101wSPbc2AU6S34CR4rp6Mf7amKssvcDK;5;0.0;3.0;2.0;2.0;MA.3.B.2.b;1.0;2.0;;Kompetenzstufe;DE;
101WXGYGcHLpyG6e9CPGsqMxXAFgrBxBZ;5;0.0;3.0;2.0;2.0;MA.3.B.2.g;1.0;3.0;;Kompetenzstufe;DE;
101qCb5tk6FTAme3SdZMxPcuNm4pVKrA3;5;0.0;3.0;3.0;1.0;MA.3.C.1.a;1.0;1.0;;Kompetenzstufe;DE;
101daHXweFskTeBFrWCpsaYnZbmhmnpBH;5;0.0;3.0;3.0;1.0;MA.3.C.1.d;1.0;2.0;;Kompetenzstufe;DE;
101sckutK9zaJcvqsfwmdggw9NPT9Xt7D;5;0.0;3.0;3.0;1.0;MA.3.C.1.e;1.0;2.0;;Kompetenzstufe;DE;
101TNgGSM68mF8nkdARm85WShR46TY8en;5;0.0;3.0;3.0;1.0;MA.3.C.1.h;1.0;3.0;;Kompetenzstufe;DE;
1017FMxTf7TbUaXbqps7xRkxFDZPd98R5;5;0.0;3.0;3.0;2.0;MA.3.C.2.a;1.0;1.0;;Kompetenzstufe;DE;
101bPV2pFx7CaTaysvZz3DaLvhW44J3p4;5;0.0;3.0;3.0;2.0;MA.3.C.2.e;1.0;2.0;;Kompetenzstufe;DE;
101aBVWfYX8Gc9dCJm844KFwd2wVkbgsb;5;0.0;3.0;3.0;2.0;MA.3.C.2.g;1.0;3.0;;Kompetenzstufe;DE;
101hak7t6e8U64tTD7MBgVLk6XEc6mrSF;1;11.0;1.0;1.0;;D.1.A;;;;Handlungs-/Themenaspekt;DE;Grundfertigkeiten
101haZwGuVBm2dVeAq3NEUfwZxW3N4ZNF;1;11.0;1.0;3.0;;D.1.C;;;;Handlungs-/Themenaspekt;DE;Verstehen in dialogischen Hörsituationen
101hazL95cWZJ5UNrz3mdCHTG6ccEkZ3G;1;11.0;2.0;1.0;;D.2.A;;;;Handlungs-/Themenaspekt;DE;Grundfertigkeiten
101haCzg7braNdpxaKNq5PC9s2SZLyYsa;1;11.0;2.0;2.0;;D.2.B;;;;Handlungs-/Themenaspekt;DE;Verstehen von Sachtexten
101ha7KYRaEVU6JdnMfUxeGpynTcJ7FaE;1;11.0;3.0;4.0;;D.3.D;;;;Handlungs-/Themenaspekt;DE;Reflexion über das Sprech-, Präsentations- und Gesprächsverhalten
101habXF7dxu25mtp8qAydsUBzmLJ6bM4;1;11.0;4.0;2.0;;D.4.B;;;;Handlungs-/Themenaspekt;DE;Schreibprodukte
101ha4gmqdqsdCMAY2wnrJAXmGkB9DMtb;1;11.0;4.0;5.0;;D.4.E;;;;Handlungs-/Themenaspekt;DE;Schreibprozess: inhaltlich überarbeiten
101haDZDmAxKyySh4E6FUcXD6mFJvXkyz;1;11.0;5.0;2.0;;D.5.B;;;;Handlungs-/Themenaspekt;DE;Sprachgebrauch untersuchen
101kkxPcRUVmy3m5ycfq3yw57YmAKt48n;1;11.0;1.0;2.0;1.0;D.1.B.1;;;;Kompetenz;DE;Die Schülerinnen und Schüler können wichtige Informationen aus Hörtexten entnehmen.
101kkNuYst8dfwy9w2Xcvw4kgLZzW2xEE;1;11.0;2.0;1.0;1.0;D.2.A.1;;;;Kompetenz;DE;Die Schülerinnen und Schüler verfügen über Grundfertigkeiten des Lesens. Sie können ihren rezeptiven Wortschatz aktivieren, um das Gelesene schnell zu verstehen.
101kkq9qx367SkANuNTUwD5L93vamgzZL;1;11.0;4.0;5.0;1.0;D.4.E.1;;;;Kompetenz;DE;Die Schülerinnen und Schüler können ihren Text in Bezug auf Schreibziel und Textsortenvorgaben inhaltlich überarbeiten.
101kk6PTuDH5atYXyY7VBtt9nVMnunHvH;1;11.0;5.0;5.0;1.0;D.5.E.1;;;;Kompetenz;DE;Die Schülerinnen und Schüler können ihr orthografisches Regelwissen in auf die Regel konstruierten Übungen anwenden.
101bmAWRfRMxZrhwsnvJWw8Xk5twRdPP2;1;11.0;1.0;1.0;1.0;D.1.A.1.h;1.0;3.0;;Kompetenzstufe;DE;
101rHmbwc2qSN3txxTcL4eVs5EuzzVCdr;1;11.0;1.0;2.0;1.0;D.1.B.1.g;1.0;3.0;;Kompetenzstufe;DE;
101tFBdxEFVyReXsyRYXZFqpwTZYph5DU;1;11.0;1.0;2.0;1.0;D.1.B.1.h;1.0;3.0;;Kompetenzstufe;DE;
101YBvpp7k34B5eKHmY5AxrM5nGeNYNSJ;1;11.0;1.0;3.0;1.0;D.1.C.1.f;1.0;23.0;;Kompetenzstufe;DE;
1013CZsemAvXERnhFxuNRzuwpw2KTRC64;1;11.0;2.0;1.0;1.0;D.2.A.1.b;1.0;1.0;;Kompetenzstufe;DE;
101T3fFV5rEdF3RvGMGAtmEH4fZp8tFth;1;11.0;2.0;1.0;1.0;D.2.A.1.h;1.0;3.0;;Kompetenzstufe;DE;
1015JV83h5gGApDgam7WWsqETU3CEvJ2y;1;11.0;2.0;2.0;1.0;D.2.B.1.g;1.0;23.0;;Kompetenzstufe;DE;
101LghhhKUNdVcTT5fszJN8tNMk4zqc6p;1;11.0;2.0;3.0;1.0;D.2.C.1.a;1.0;1.0;;Kompetenzstufe;DE;
101A83qRWdYVAdnebAuE8yaV63GE8VLAx;1;11.0;2.0;3.0;1.0;D.2.C.1.c;1.0;1.0;;Kompetenzstufe;DE;
101HSefVDPJ22bBmpfU7Cu8BguaY9kNA3;1;11.0;3.0;1.0;1.0;D.3.A.1.b;1.0;1.0;;Kompetenzstufe;DE;
101HMkZ6KP8wSGsqSFuxyvamnyPEg7RpY;1;11.0;3.0;2.0;1.0;D.3.B.1.b;1.0;1.0;;Kompetenzstufe;DE;
101qPJ7R5kM9C4HhqTcKsp3X4XptkRR5y;1;11.0;3.0;2.0;1.0;D.3.B.1.c;1.0;1.0;;Kompetenzstufe;DE;
101sDupvPVpdCrrsYvAyX24eK8CztacNe;1;11.0;3.0;3.0;1.0;D.3.C.1.g;1.0;3.0;;Kompetenzstufe;DE;
101Jx8ph8MwKeuMR2Tu6gdcvCRytJTcTy;1;11.0;3.0;3.0;1.0;D.3.C.1.h;1.0;3.0;;Kompetenzstufe;DE;
1014H3rcAhKApCCJbVaFmJqe6ACnZXcJq;1;11.0;4.0;2.0;1.0;D.4.B.1.h;1.0;3.0;;Kompetenzstufe;DE;
10142839d2JkbNSxFF7VqepbZdfFJAuwf;1;11.0;4.0;3.0;1.0;D.4.C.1.a;1.0;1.0;;Kompetenzstufe;DE;
1016KJY4paqhdu7YbPCFL6CVeyEDqZEnE;1;11.0;4.0;3.0;1.0;D.4.C.1.d;1.0;2.0;;Kompetenzstufe;DE;
101U2AmTMfdRvphSPdTfqmXsCP5VN5FVP;1;11.0;4.0;3.0;1.0;D.4.C.1.e;1.0;2.0;;Kompetenzstufe;DE;
1019FDevKrAdC7wJyx5HEWfCpg4VZJVSJ;1;11.0;4.0;4.0;1.0;D.4.D.1.a;1.0;1.0;;Kompetenzstufe;DE;
101VpVAhpNVerCbB8G7xLc7ZshKJ6CfT2;1;11.0;4.0;5.0;1.0;D.4.E.1.a;1.0;1.0;;Kompetenzstufe;DE;
1017ZZ65cUt2m9uhLt2UPKUaV7YTYyTTq;1;11.0;4.0;5.0;1.0;D.4.E.1.d;1.0;2.0;;Kompetenzstufe;DE;
101srMypRdquXMgYdKrgHPGyhkkSYgNDF;1;11.0;4.0;5.0;1.0;D.4.E.1.g;1.0;3.0;;Kompetenzstufe;DE;
101DkK6gFxsTPFUXCu2VCULRWfezenHKz;1;11.0;4.0;6.0;1.0;D.4.F.1.b;1.0;12.0;;Kompetenzstufe;DE;
10124BqpzDT87C8cZs7rvNGUJEZb7wX69;1;11.0;4.0;7.0;1.0;D.4.G.1.d;1.0;2.0;;Kompetenzstufe;DE;
101LAkvLPv3cFkDAnnHR3c7PqfL5zASRB;1;11.0;4.0;7.0;1.0;D.4.G.1.e;1.0;23.0;;Kompetenzstufe;DE;
101EwGt8bCaUMm44kh2J5PACNZff5Cq5c;1;11.0;5.0;1.0;1.0;D.5.A.1.d;1.0;3.0;;Kompetenzstufe;DE;
101eMNvekUXFcgYm7YWWYDsTkYKmT9Jed;1;11.0;5.0;2.0;1.0;D.5.B.1.a;1.0;1.0;;Kompetenzstufe;DE;
1016zUbTPcYBsxZn7pPqk2WTKNhrDk75S;1;11.0;5.0;4.0;1.0;D.5.D.1.d;1.0;23.0;;Kompetenzstufe;DE;
101bxEKDAm6XswCc3rNtx5DJ9rf5ar7Jq;1;11.0;5.0;4.0;1.0;D.5.D.1.e;1.0;3.0;;Kompetenzstufe;DE;
101hxDFcL6Tnhe66pXR4yGbEqZcKKMMgZ;1;11.0;5.0;5.0;1.0;D.5.E.1.d;1.0;2.0;;Kompetenzstufe;DE;
101vKqSUgGRzRUrPSThKkcBbpuZGhU6KC;1;11.0;6.0;1.0;1.0;D.6.A.1.a;1.0;1.0;;Kompetenzstufe;DE;
101mwzdCzBUkvevsGd8Ns3MtWRKW5v5sm;1;11.0;6.0;1.0;1.0;D.6.A.1.e;1.0;2.0;;Kompetenzstufe;DE;
101L8ypDdmAgDmVL87BbEyZBx2Cgf8KZT;1;11.0;6.0;1.0;2.0;D.6.A.2.e;1.0;2.0;;Kompetenzstufe;DE;
101ZFkkhEZbxYh3HLvBufnuRw6KhvD2pk;1;11.0;6.0;1.0;2.0;D.6.A.2.j;1.0;3.0;;Kompetenzstufe;DE;
101HXGJqxM7rdWwpHsNrNzuLvAW4NbZM3;1;11.0;6.0;2.0;1.0;D.6.B.1.a;1.0;1.0;;Kompetenzstufe;DE;
101fCSzNLLdeEKV2vLBvu5YJb3MLP2LSz;1;11.0;6.0;2.0;1.0;D.6.B.1.c;1.0;2.0;;Kompetenzstufe;DE;
101WVkXXf5uMpUe5Ex4kTS7CgbbYqTrch;1;11.0;6.0;3.0;1.0;D.6.C.1.a;1.0;1.0;;Kompetenzstufe;DE;
101ha4HnxH3GG5f5mqe8bddWtJK8bbVmD;5;0.0;1.0;2.0;;MA.1.B;;;;Handlungs-/Themenaspekt;DE;Erforschen und Argumentieren
101kk365fCEz3XUUZ9msSNJxkStSFWsXt;5;0.0;1.0;1.0;1.0;MA.1.A.1;;;;Kompetenz;DE;Die Schülerinnen und Schüler verstehen und verwenden arithmetische Begriffe und Symbole. Sie lesen und schreiben Zahlen.
101kkT2nStwT8nBHqE3KEWeXeE9r659AG;5;0.0;1.0;1.0;3.0;MA.1.A.3;;;;Kompetenz;DE;Die Schülerinnen und Schüler können addieren, subtrahieren, multiplizieren, dividieren und potenzieren.
101kkzkggzmGsVEwNPbSXh7c9PaYTvC2c;5;0.0;1.0;2.0;2.0;MA.1.B.2;;;;Kompetenz;DE;Die Schülerinnen und Schüler können Aussagen, Vermutungen und Ergebnisse zu Zahlen und Variablen erläutern, überprüfen, begründen.
101kk9xwCWc3CxYFZZLUfsFa5tUEfs63G;5;0.0;1.0;2.0;3.0;MA.1.B.3;;;;Kompetenz;DE;Die Schülerinnen und Schüler können beim Erforschen arithmetischer Muster Hilfsmittel nutzen.
101kktc3zPFKuX2cCy2fLc7yzJJNdtnUX;5;0.0;2.0;1.0;3.0;MA.2.A.3;;;;Kompetenz;DE;Die Schülerinnen und Schüler können Längen, Flächen und Volumen bestimmen und berechnen.
101kkVEf7EtRrvLamJR64dtehVnGh5RcP;5;0.0;2.0;2.0;1.0;MA.2.B.1;;;;Kompetenz;DE;Die Schülerinnen und Schüler können geometrische Beziehungen, insbesondere zwischen Längen, Flächen und Volumen, erforschen, Vermutungen formulieren und Erkenntnisse austauschen.
101kkSPZCbzcPVa3sKBRfb4FHsvcenkNe;5;0.0;2.0;3.0;4.0;MA.2.C.4;;;;Kompetenz;DE;Die Schülerinnen und Schüler können in einem Koordinatensystem die Koordinaten von Figuren und Körpern bestimmen bzw. Figuren und Körper aufgrund ihrer Koordinaten darstellen sowie Pläne lesen und zeichnen.
101kkPbAZnbNpvGFHDASxZ8aPapKexA4N;5;0.0;3.0;3.0;2.0;MA.3.C.2;;;;Kompetenz;DE;Die Schülerinnen und Schüler können Sachsituationen mathematisieren, darstellen, berechnen sowie Ergebnisse interpretieren und überprüfen.
101GSmeefgcXsJVXfZwXXpxsNqeYfXy6k;5;0.0;1.0;1.0;1.0;MA.1.A.1.e;1.0;2.0;;Kompetenzstufe;DE;
101vULXRdZebb9ULZLqT2SShBuzkhTJ76;5;0.0;1.0;1.0;1.0;MA.1.A.1.j;1.0;3.0;;Kompetenzstufe;DE;
1018Kuf6LfM3ZZvPK54PLNSN5q7xzK5Na;5;0.0;1.0;1.0;2.0;MA.1.A.2.c;1.0;1.0;;Kompetenzstufe;DE;
1011cfUMb35Dx8pgLSWabfnm3EN62dqfK;5;0.0;1.0;1.0;2.0;MA.1.A.2.e;1.0;2.0;;Kompetenzstufe;DE;
1018DWzcHySF5b9JM6kTLvCbkTm6pvMan;5;0.0;1.0;1.0;2.0;MA.1.A.2.g;1.0;2.0;;Kompetenzstufe;DE;
1018qE2tFFxRFp9qaFtKdmHC8gqRhwkCF;5;0.0;1.0;1.0;3.0;MA.1.A.3.c;1.0;12.0;;Kompetenzstufe;DE;
1012XuWKdYeMKC9KMVdG8byzEALqWttKP;5;0.0;1.0;1.0;4.0;MA.1.A.4.e;1.0;2.0;;Kompetenzstufe;DE;
101AJt2yMqVxRygKJ2xZqrbaqzAhfYnDL;5;0.0;1.0;1.0;4.0;MA.1.A.4.j;1.0;3.0;;Kompetenzstufe;DE;
101PdAebMvmv3MRrFaTPVsWfVUFV2RG5y;5;0.0;1.0;1.0;4.0;MA.1.A.4.k;1.0;3.0;;Kompetenzstufe;DE;
101Nq36ayuDyCh4B3wLhuHCds2uTT5DZt;5;0.0;1.0;2.0;1.0;MA.1.B.1.c;1.0;1.0;;Kompetenzstufe;DE;
101vMygsrtVThdwvSnq5EGhJHZKAmmfys;5;0.0;1.0;2.0;1.0;MA.1.B.1.e;1.0;2.0;;Kompetenzstufe;DE;
101PYULy5esAD8WLnJZZF3UL4pykWPbJV;5;0.0;1.0;2.0;2.0;MA.1.B.2.b;1.0;1.0;;Kompetenzstufe;DE;
101tcUnHDCxVazrep92ZBw8bhSYWBSH6R;5;0.0;1.0;2.0;3.0;MA.1.B.3.a;1.0;1.0;;Kompetenzstufe;DE;
101aM5UGaGkLHCLGuFtveSZZgtV3DGYgz;5;0.0;1.0;2.0;3.0;MA.1.B.3.h;1.0;3.0;;Kompetenzstufe;DE;
101T8x93pZUAuJcWrLvKuRbmRpKAUG7Ta;5;0.0;1.0;3.0;1.0;MA.1.C.1.a;1.0;1.0;;Kompetenzstufe;DE;
1016bHhrUuNWRJCbAzxbU8V7yT2e5UwYS;5;0.0;1.0;3.0;1.0;MA.1.C.1.b;1.0;1.0;;Kompetenzstufe;DE;
101wfxyUnMhGVrJUDDNHWyypLHCKDEkGY;5;0.0;1.0;3.0;1.0;MA.1.C.1.g;1.0;23.0;;Kompetenzstufe;DE;
1013aBkyuWZAMUabyyK4F8gefDsSNuTbR;5;0.0;1.0;3.0;1.0;MA.1.C.1.h;1.0;3.0;;Kompetenzstufe;DE;
102UC796xF8d34XXdn3A69tnLxep8pbeK;5;0.0;1.0;3.0;2.0;MA.1.C.2.i;1.0;3.0;;Kompetenzstufe;DE;
101pGdatGy8LMXzhdNqJnMJzbNxXqWEcE;5;0.0;2.0;1.0;1.0;MA.2.A.1.j;1.0;3.0;;Kompetenzstufe;DE;
101dZ5EexGpcXBaxxSzwucrCqZ5L7Zpcw;5;0.0;2.0;1.0;2.0;MA.2.A.2.a;1.0;1.0;;Kompetenzstufe;DE;
101UzudyUPVMA5uMh5hBP6eg9gmh8ZtLD;5;0.0;2.0;1.0;2.0;MA.2.A.2.g;1.0;23.0;;Kompetenzstufe;DE;
1017wndGKxuKwc6wbxVnqRK4zyhHcCUqM;5;0.0;2.0;1.0;3.0;MA.2.A.3.b;1.0;1.0;;Kompetenzstufe;DE;
101TJavNX9YHhkT6dpZdnntCmVM9VW7Vp;5;0.0;2.0;1.0;3.0;MA.2.A.3.g;1.0;3.0;;Kompetenzstufe;DE;
101rEZayxZY2nDp8MFkCKtz3rnB8JrfeS;5;0.0;2.0;2.0;1.0;MA.2.B.1.b;1.0;1.0;;Kompetenzstufe;DE;
101Bh92LD4BusBd3Xa8ZnW9JPY6JqWzPs;5;0.0;2.0;2.0;1.0;MA.2.B.1.e;1.0;2.0;;Kompetenzstufe;DE;
101Ca6L586chLSXDJdCJwbMhZpGR38BVX;5;0.0;2.0;2.0;1.0;MA.2.B.1.h;1.0;23.0;;Kompetenzstufe;DE;
101DHuMxRJbB8Km2sY7YLfmX3qwxTKXEG;5;0.0;2.0;2.0;1.0;MA.2.B.1.k;1.0;3.0;;Kompetenzstufe;DE;
101FrUPEMDCsP4qS48ZMT9rvYs7Ga5taU;5;0.0;2.0;3.0;1.0;MA.2.C.1.b;1.0;1.0;;Kompetenzstufe;DE;
101aAuEGpB5AnXhzgrhPA99yMbk8dc5Yn;5;0.0;2.0;3.0;1.0;MA.2.C.1.e;1.0;2.0;;Kompetenzstufe;DE;
101yMpUqwycTRtVf84TqkUa59R78KkRYe;5;0.0;2.0;3.0;1.0;MA.2.C.1.g;1.0;2.0;;Kompetenzstufe;DE;
101BZbHusMs9MS2w47nCJxdhfWZuUh8PR;5;0.0;2.0;3.0;2.0;MA.2.C.2.j;1.0;3.0;;Kompetenzstufe;DE;
101aqrKSETngkbPSCq6xb3ncDRdH9bAxt;5;0.0;2.0;3.0;3.0;MA.2.C.3.a;1.0;1.0;;Kompetenzstufe;DE;
101ZcLugrvR4kHBeA26rpSsfnkA64ETDU;5;0.0;2.0;3.0;4.0;MA.2.C.4.g;1.0;23.0;;Kompetenzstufe;DE;
101KDsGHGngpuY8PJP7vCVH6BNAqY6smJ;5;0.0;2.0;3.0;4.0;MA.2.C.4.h;1.0;3.0;;Kompetenzstufe;DE;
101BqXw5bZMtWRAzCVStMpraeqN2KBDNE;5;0.0;3.0;1.0;1.0;MA.3.A.1.b;1.0;1.0;;Kompetenzstufe;DE;
101zPf2DLRpGZ9SgA56JUXWumFcfTJgvd;5;0.0;3.0;1.0;1.0;MA.3.A.1.d;1.0;12.0;;Kompetenzstufe;DE;
101fEVmMY8psMcZwYhDDALXrWGU3kkmZz;5;0.0;3.0;1.0;1.0;MA.3.A.1.i;1.0;23.0;;Kompetenzstufe;DE;
101Vc4x4L2DmddbJyrdJckx5WyEBLfyK7;5;0.0;3.0;1.0;2.0;MA.3.A.2.b;1.0;1.0;;Kompetenzstufe;DE;
10156xykaVcEyrcmXZNwwhk4AWTrc7aTv;5;0.0;3.0;1.0;2.0;MA.3.A.2.i;1.0;3.0;;Kompetenzstufe;DE;
101Ebaau7G2PpfZRSAryZBfeJFMhe5NAr;5;0.0;3.0;1.0;3.0;MA.3.A.3.c;1.0;2.0;;Kompetenzstufe;DE;
101WCvf4EBHLbETRUhDgR7bs45LzWmr6F;5;0.0;3.0;1.0;3.0;MA.3.A.3.i;1.0;3.0;;Kompetenzstufe;DE;
101aLLqB8WBExPRuCkRyJTbkbrceWx8Z2;5;0.0;3.0;2.0;1.0;MA.3.B.1.b;1.0;1.0;;Kompetenzstufe;DE;
101aTXBMcD9cHv4CRJMbSBJGSaVBJTmqN;5;0.0;3.0;2.0;1.0;MA.3.B.1.h;1.0;3.0;;Kompetenzstufe;DE;
101qxA33rpuZHJ7LqqFSn39kpbUyt7DwW;5;0.0;3.0;2.0;2.0;MA.3.B.2.e;1.0;3.0;;Kompetenzstufe;DE;
101uPanfdpdHbRkV59wTBwCFwPByfcKau;5;0.0;3.0;3.0;1.0;MA.3.C.1.f;1.0;2.0;;Kompetenzstufe;DE;
101LgxKHTHacZMBgtLMxf7BqAw8aUmMEU;5;0.0;3.0;3.0;1.0;MA.3.C.1.g;1.0;23.0;;Kompetenzstufe;DE;
101Hb2KPN8m8xSPK5JFuEnqs4Ydp5mfKe;5;0.0;3.0;3.0;2.0;MA.3.C.2.i;1.0;3.0;;Kompetenzstufe;DE;
101t5NpadqpgNXdVENs7t4g99M5PpUrfT;5;0.0;3.0;3.0;3.0;MA.3.C.3.f;1.0;2.0;;Kompetenzstufe;DE;
101eyUHN5UTpNM7eNmb25PVMKdrYH99AJ;5;0.0;3.0;3.0;3.0;MA.3.C.3.g;1.0;3.0;;Kompetenzstufe;DE;
101haNd9J9uGAZZaR8B3ZyPyfr7wtdaHy;1;11.0;1.0;2.0;;D.1.B;;;;Handlungs-/Themenaspekt;DE;Verstehen in monologischen Hörsituationen
101haBErkZZfVtu99bk42AV8UUyqMvS9r;1;11.0;1.0;4.0;;D.1.D;;;;Handlungs-/Themenaspekt;DE;Reflexion über das Hörverhalten
101ha2WXtxgXuM9VA9wYxDdy6bVfHck3G;1;11.0;3.0;2.0;;D.3.B;;;;Handlungs-/Themenaspekt;DE;Monologisches Sprechen
101haxDKcstWxGV4uV7GLDuwYSRr3qCDH;1;11.0;6.0;1.0;;D.6.A;;;;Handlungs-/Themenaspekt;DE;Auseinandersetzung mit literarischen Texten
101haq2RswN3HsnkdB6bmR7MJkUm6kYDa;1;11.0;6.0;2.0;;D.6.B;;;;Handlungs-/Themenaspekt;DE;Auseinandersetzung mit verschiedenen Autor/innen und verschiedenen Kulturen
101kkMScYBtwdXPxemEUZeScPKHPpRStf;1;11.0;1.0;3.0;1.0;D.1.C.1;;;;Kompetenz;DE;Die Schülerinnen und Schüler können Gesprächen folgen und ihre Aufmerksamkeit zeigen.
101kk9ReR3hGT97M64N64FtRYg8ruybXv;1;11.0;4.0;7.0;1.0;D.4.G.1;;;;Kompetenz;DE;Die Schülerinnen und Schüler können über ihren Schreibprozess und ihre Schreibprodukte nachdenken und deren Qualität einschätzen.
101kkbGY2Hq8VxYwNRUabAWt5ebz2Xusv;1;11.0;6.0;1.0;2.0;D.6.A.2;;;;Kompetenz;DE;Die Schülerinnen und Schüler können über literarische Texte und die Art, wie sie die Texte lesen, ein literarisches Gespräch führen. Sie reflektieren dabei, wie sie die Texte verstehen und die Texte auf sie wirken.
101kkfkaFGsssy7NRWS8GW7N4mKBUPp7h;1;11.0;6.0;2.0;1.0;D.6.B.1;;;;Kompetenz;DE;Die Schülerinnen und Schüler kennen einzelne Autor/innen der Kinder-, Jugend- und Erwachsenenliteratur und können Texte aus verschiedenen Kulturen lesen, hören, sehen und deren Besonderheiten erkennen und wertschätzen.
101AwcVWqm5nHvZWwsK43JSd4WNLBmaSt;1;11.0;1.0;1.0;1.0;D.1.A.1.c;1.0;1.0;;Kompetenzstufe;DE;
101Sm5YwPEA5nDL5tDteKdc7zcKWn3uAD;1;11.0;1.0;1.0;1.0;D.1.A.1.d;1.0;1.0;;Kompetenzstufe;DE;
101w6FdKBbmTmeYFkdSVuFrypPFsMzwrK;1;11.0;1.0;2.0;1.0;D.1.B.1.a;1.0;1.0;;Kompetenzstufe;DE;
1017r4GFN5YmZU3Va8ZNASDcuJdMqs5uc;1;11.0;1.0;3.0;1.0;D.1.C.1.h;1.0;3.0;;Kompetenzstufe;DE;
101rCAX55uKX5UxM49vTyDebq2Nd7CLZB;1;11.0;1.0;4.0;1.0;D.1.D.1.b;1.0;2.0;;Kompetenzstufe;DE;
101JY8wGHkNXzeWneRzLBRLtudwS6xHKJ;1;11.0;2.0;1.0;1.0;D.2.A.1.a;1.0;1.0;;Kompetenzstufe;DE;
1016TpxaaKrs4GdLGawpy54W7MnWPJqZk;1;11.0;2.0;2.0;1.0;D.2.B.1.b;1.0;1.0;;Kompetenzstufe;DE;
101SCuzmWDnCVN6hgBP6SPKczDfFyKJBV;1;11.0;2.0;2.0;1.0;D.2.B.1.d;1.0;12.0;;Kompetenzstufe;DE;
101DKNnUg9zbUXcfw4K2zvLRcYDAby6my;1;11.0;2.0;3.0;1.0;D.2.C.1.d;1.0;12.0;;Kompetenzstufe;DE;
101n5hPu4FPnT7g3gANhVnWTvyFhAxq9Y;1;11.0;2.0;3.0;1.0;D.2.C.1.f;1.0;2.0;;Kompetenzstufe;DE;
101H6gp6VykBvAFBpJLuAwyn7mNFSXeJY;1;11.0;3.0;1.0;1.0;D.3.A.1.c;1.0;12.0;;Kompetenzstufe;DE;
101m4AyrYAHtp2YXevS9AVt6G6HM3zrh5;1;11.0;3.0;2.0;1.0;D.3.B.1.h;1.0;3.0;;Kompetenzstufe;DE;
101e8VMn2RDeBYP99kafuam7VByzTCrPe;1;11.0;3.0;4.0;1.0;D.3.D.1.b;1.0;2.0;;Kompetenzstufe;DE;
101NyNhs4FRya5J6HcPhqFkPnYt6XFc94;1;11.0;3.0;4.0;1.0;D.3.D.1.d;1.0;23.0;;Kompetenzstufe;DE;
101yvzbkKcqNmh4exWMtKBqTXXMDz8B9z;1;11.0;4.0;4.0;1.0;D.4.D.1.c;1.0;12.0;;Kompetenzstufe;DE;
101DafF5PN7aBbqMLp7f78yxWxERt6aaE;1;11.0;4.0;5.0;1.0;D.4.E.1.b;1.0;12.0;;Kompetenzstufe;DE;
101FxpRXeBgKb3gvRLTNMD7BVK9NBHZLh;1;11.0;4.0;5.0;1.0;D.4.E.1.e;1.0;23.0;;Kompetenzstufe;DE;
101Zydb385sfCFGZarJHHPrDT82Z42fdJ;1;11.0;4.0;6.0;1.0;D.4.F.1.d;1.0;2.0;;Kompetenzstufe;DE;
101fLzdhCG46VJLgg49NMkqcwqAaya5f2;1;11.0;4.0;7.0;1.0;D.4.G.1.a;1.0;1.0;;Kompetenzstufe;DE;
101udx376wueq4psWtsFCpgYphv3DvUa7;1;11.0;4.0;7.0;1.0;D.4.G.1.c;1.0;2.0;;Kompetenzstufe;DE;
1017JKYqqWJfyzphVEYdfTzWUz6dAU4Cr;1;11.0;4.0;7.0;1.0;D.4.G.1.g;1.0;3.0;;Kompetenzstufe;DE;
101b47Pn7MEAgZyFAkrkAwr4Jb4SE5C6c;1;11.0;5.0;1.0;1.0;D.5.A.1.c;1.0;3.0;;Kompetenzstufe;DE;
101cb2W2a6KqU6hBhz5n4bnTx2NBrYnLx;1;11.0;5.0;3.0;1.0;D.5.C.1.b;1.0;1.0;;Kompetenzstufe;DE;
101WeafVpJJNcZDvckerXaRBmwwvErNb7;1;11.0;5.0;4.0;1.0;D.5.D.1.b;1.0;2.0;;Kompetenzstufe;DE;
101bJxgq27tDNHqPsk68hkethvAGJbXkh;1;11.0;5.0;5.0;1.0;D.5.E.1.g;1.0;3.0;;Kompetenzstufe;DE;
101FvnJZGg43fJnSaaecrnFbbHw44Unnr;1;11.0;6.0;1.0;2.0;D.6.A.2.f;1.0;2.0;;Kompetenzstufe;DE;
101f9RgvXFp8PTCTdHENNkuArmvfLkVnw;1;11.0;6.0;2.0;1.0;D.6.B.1.b;1.0;2.0;;Kompetenzstufe;DE;
101Hnf6hEf7xPfVTLVxgJuJmSNwD9hUa9;1;11.0;6.0;2.0;1.0;D.6.B.1.d;1.0;23.0;;Kompetenzstufe;DE;
101hafG6hGk8FZJWduaNDBGE4zhRWnvXK;5;0.0;1.0;1.0;;MA.1.A;;;;Handlungs-/Themenaspekt;DE;Operieren und Benennen
101haFMkSskpgA9zBmN4tPXnMhWX2emxF;5;0.0;1.0;3.0;;MA.1.C;;;;Handlungs-/Themenaspekt;DE;Mathematisieren und Darstellen
101haBNCHtuGyA4eBTsMbCyZwkpS7xdug;5;0.0;2.0;1.0;;MA.2.A;;;;Handlungs-/Themenaspekt;DE;Operieren und Benennen
101haedhw5AN9G3bdAaFfKRzydkbsnCRh;5;0.0;2.0;3.0;;MA.2.C;;;;Handlungs-/Themenaspekt;DE;Mathematisieren und Darstellen
101kkneHrALL6cmWVpy5JEUn7pKkthgpr;5;0.0;1.0;2.0;1.0;MA.1.B.1;;;;Kompetenz;DE;Die Schülerinnen und Schüler können Zahl- und Operationsbeziehungen sowie arithmetische Muster erforschen und Erkenntnisse austauschen.
101kkuwrUXhXPwc9sYdqWyb77dF3AxnEP;5;0.0;2.0;3.0;3.0;MA.2.C.3;;;;Kompetenz;DE;Die Schülerinnen und Schüler können sich Figuren und Körper in verschiedenen Lagen vorstellen, Veränderungen darstellen und beschreiben (Kopfgeometrie).
101kkBaqxUCTBREbS8VGsd8CsMSLZTN4m;5;0.0;3.0;2.0;1.0;MA.3.B.1;;;;Kompetenz;DE;Die Schülerinnen und Schüler können zu Grössenbeziehungen und funktionalen Zusammenhängen Fragen formulieren, diese erforschen sowie Ergebnisse überprüfen und begründen.
10146SGgpRVsYE3VsTWEwrabbpmKLckhY;5;0.0;1.0;1.0;1.0;MA.1.A.1.b;1.0;1.0;;Kompetenzstufe;DE;
101hLHCFdKrtz7yYZSapnH5s8MUTk8mVz;5;0.0;1.0;1.0;1.0;MA.1.A.1.c;1.0;1.0;;Kompetenzstufe;DE;
101ZcahnKKVFbMu86hRhXPpJ3p3twpDEZ;5;0.0;1.0;1.0;3.0;MA.1.A.3.d;1.0;2.0;;Kompetenzstufe;DE;
101ccr4R6L3yvwRcaptDCuWVWf2cb6pZM;5;0.0;1.0;1.0;3.0;MA.1.A.3.h;1.0;3.0;;Kompetenzstufe;DE;
101hY2pesFLB3JJ6vSRYcnGYRen9Wuyfy;5;0.0;1.0;1.0;3.0;MA.1.A.3.i;1.0;3.0;;Kompetenzstufe;DE;
101ChzA4fDAKwwUuyxZUehDtzR95yFUPW;5;0.0;1.0;1.0;4.0;MA.1.A.4.b;1.0;1.0;;Kompetenzstufe;DE;
101PMehfhGfDTwS57PhXq7U6StXKA6WR8;5;0.0;1.0;2.0;1.0;MA.1.B.1.i;1.0;23.0;;Kompetenzstufe;DE;
1018H33s5r9SS3W7yMFJS8fX5e2zM8ufR;5;0.0;1.0;2.0;2.0;MA.1.B.2.k;1.0;3.0;;Kompetenzstufe;DE;
101zH2XHq2yXM6pEBaK3nvSRPPepSd539;5;0.0;1.0;2.0;3.0;MA.1.B.3.g;1.0;3.0;;Kompetenzstufe;DE;
101TuvXvPRzHhveaRSF8K2RVUcePSRhEc;5;0.0;1.0;3.0;1.0;MA.1.C.1.d;1.0;12.0;;Kompetenzstufe;DE;
1018ux7PktTDfKCTwFYwRNxNcAFTs7EHK;5;0.0;1.0;3.0;1.0;MA.1.C.1.i;1.0;3.0;;Kompetenzstufe;DE;
101n3MMdRSZMrgLrEKCPe4q7vgh4K26H2;5;0.0;1.0;3.0;2.0;MA.1.C.2.e;1.0;2.0;;Kompetenzstufe;DE;
101npYe2w9nHdpeeLyfMPwkyJxvzVJqw7;5;0.0;2.0;1.0;1.0;MA.2.A.1.d;1.0;12.0;;Kompetenzstufe;DE;
101SKsrbbdnpcVyt5UVFyXVkhEzYg2V59;5;0.0;2.0;1.0;1.0;MA.2.A.1.f;1.0;2.0;;Kompetenzstufe;DE;
101d7xXPPn8EY6hrNnfe65FYmKwWhYJy2;5;0.0;2.0;1.0;1.0;MA.2.A.1.h;1.0;23.0;;Kompetenzstufe;DE;
101ynfPky7BFpr8TcpDdhJGF7bGBXERpT;5;0.0;2.0;1.0;1.0;MA.2.A.1.i;1.0;3.0;;Kompetenzstufe;DE;
101tByupKaBxvDrXSGGdkP76FysMkdPH9;5;0.0;2.0;1.0;1.0;MA.2.A.1.k;1.0;3.0;;Kompetenzstufe;DE;
101S9C2HLPNSRTzWT5VPGWNJVU3Kr3eMN;5;0.0;2.0;1.0;1.0;MA.2.A.1.l;1.0;3.0;;Kompetenzstufe;DE;
101Um6aUKuW35gvqJSXF9hJSz6N3zEyMu;5;0.0;2.0;1.0;2.0;MA.2.A.2.b;1.0;1.0;;Kompetenzstufe;DE;
101ruuZyPqBtg9CXA6SWFDyWyE3h5nWGk;5;0.0;2.0;1.0;3.0;MA.2.A.3.d;1.0;2.0;;Kompetenzstufe;DE;
101hX4PReLAnwzVRVHNAaXgf2Gywppbqa;5;0.0;2.0;1.0;3.0;MA.2.A.3.e;1.0;2.0;;Kompetenzstufe;DE;
101KEnxtkhSCyeD8xKnMBmcggmFusZzax;5;0.0;2.0;1.0;3.0;MA.2.A.3.k;1.0;3.0;;Kompetenzstufe;DE;
101pxb95MZJBZARUcLtacNLXBVHuMeCac;5;0.0;2.0;2.0;1.0;MA.2.B.1.d;1.0;12.0;;Kompetenzstufe;DE;
101U6AtCE7SmDyt2tnRPGqULMG7tVcee8;5;0.0;2.0;2.0;2.0;MA.2.B.2.d;1.0;23.0;;Kompetenzstufe;DE;
101xW7YFdm8Zp6SvLUd72pZX26C6C64zL;5;0.0;2.0;2.0;2.0;MA.2.B.2.e;1.0;3.0;;Kompetenzstufe;DE;
1016e6BMYx6Frb9pE8tVfmg3z6KVGHV3Y;5;0.0;2.0;3.0;2.0;MA.2.C.2.f;1.0;2.0;;Kompetenzstufe;DE;
101AWXeZS2HpzutW5DCGbwzdV7LxLJZWz;5;0.0;2.0;3.0;2.0;MA.2.C.2.i;1.0;3.0;;Kompetenzstufe;DE;
101xFPbRwtWWznJdz3ZrSAUTt5S4ELCaY;5;0.0;2.0;3.0;3.0;MA.2.C.3.g;1.0;3.0;;Kompetenzstufe;DE;
101m2595bgwFe84zaBrrC7Nv5sB5Bm8Lq;5;0.0;2.0;3.0;4.0;MA.2.C.4.c;1.0;12.0;;Kompetenzstufe;DE;
1013wKSyNzL6BVHJJzDHrf2Z2qLG8smgw;5;0.0;3.0;1.0;1.0;MA.3.A.1.a;1.0;1.0;;Kompetenzstufe;DE;
101a3GWyZzm76yxtnSREwwXfarAtp5Rph;5;0.0;3.0;1.0;1.0;MA.3.A.1.c;1.0;1.0;;Kompetenzstufe;DE;
1013cEx2ybLLuYrUDeeYnqeRLXbRkRqP3;5;0.0;3.0;1.0;1.0;MA.3.A.1.e;1.0;2.0;;Kompetenzstufe;DE;
101CRdGS7zBDLrHA9vSMJWw6dHuZu4bKU;5;0.0;3.0;1.0;1.0;MA.3.A.1.f;1.0;2.0;;Kompetenzstufe;DE;
1017g33GMp7CzBye26CdCzBRtbMeBRuvG;5;0.0;3.0;1.0;1.0;MA.3.A.1.h;1.0;2.0;;Kompetenzstufe;DE;
101hWBWgYGRHp3hS5DNZFdz32rNScD4Ye;5;0.0;3.0;1.0;1.0;MA.3.A.1.n;1.0;3.0;;Kompetenzstufe;DE;
1017nByYuU4rbxgHNbdeTgdq33zVgEUpD;5;0.0;3.0;1.0;2.0;MA.3.A.2.a;1.0;1.0;;Kompetenzstufe;DE;
101f2Ggv5y5dnSn4kv4XL8eR7tpDqJCUU;5;0.0;3.0;1.0;2.0;MA.3.A.2.c;1.0;1.0;;Kompetenzstufe;DE;
101wRS9NRYsGZTquENnXBcuRaduVUsGsw;5;0.0;3.0;1.0;2.0;MA.3.A.2.d;1.0;12.0;;Kompetenzstufe;DE;
101uTKA98YvkDy5zWsB4UfTqRbhEDBLH7;5;0.0;3.0;1.0;2.0;MA.3.A.2.g;1.0;2.0;;Kompetenzstufe;DE;
101DCVRu4mvwsskCkAVD4y55S9LB5YK2q;5;0.0;3.0;1.0;3.0;MA.3.A.3.h;1.0;3.0;;Kompetenzstufe;DE;
1011P2SPYSy45pSW2wKmC4ugASb2NzhE9;5;0.0;3.0;2.0;1.0;MA.3.B.1.c;1.0;1.0;;Kompetenzstufe;DE;
101v639fKs7buNyUeaK4PyhXyPhTNsxaH;5;0.0;3.0;2.0;1.0;MA.3.B.1.e;1.0;2.0;;Kompetenzstufe;DE;
101AC7Df6Cy35uCWPzENLDPvCkV6JNq2m;5;0.0;3.0;2.0;1.0;MA.3.B.1.f;1.0;23.0;;Kompetenzstufe;DE;
101aF3X36Bn3aZeFYs2P9H7nTSB3tKzbF;5;0.0;3.0;3.0;1.0;MA.3.C.1.j;1.0;3.0;;Kompetenzstufe;DE;
101dC589LfJ5SrcPPLCgHNp4GZ9xRf9xd;5;0.0;3.0;3.0;2.0;MA.3.C.2.b;1.0;1.0;;Kompetenzstufe;DE;
1018yRR4hEq5nX9qgWG6UpLZEgxrpFvrL;5;0.0;3.0;3.0;2.0;MA.3.C.2.d;1.0;2.0;;Kompetenzstufe;DE;
101MNLd5xWG4nqGBuXyNTp9rdM8Svqb6q;5;0.0;3.0;3.0;3.0;MA.3.C.3.a;1.0;1.0;;Kompetenzstufe;DE;
101hakmXrGLHqUguC78CucYLBFNNWdxrp;1;11.0;3.0;3.0;;D.3.C;;;;Handlungs-/Themenaspekt;DE;Dialogisches Sprechen
101haVLd2WCJz7LsGGVqbBTkSUPEpMbb7;1;11.0;4.0;3.0;;D.4.C;;;;Handlungs-/Themenaspekt;DE;Schreibprozess: Ideen finden und planen
101ha3N7b5L7F6679EwmwWSTM275essAe;1;11.0;4.0;4.0;;D.4.D;;;;Handlungs-/Themenaspekt;DE;Schreibprozess: formulieren
101haXMDtD3wksDC8mYrJ2JWD9LtbpBAE;1;11.0;4.0;6.0;;D.4.F;;;;Handlungs-/Themenaspekt;DE;Schreibprozess: sprachformal überarbeiten
101hawKm7P6FZDUFt5UmkkT5D3KGTZbNt;1;11.0;5.0;3.0;;D.5.C;;;;Handlungs-/Themenaspekt;DE;Sprachformales untersuchen
101hatXWRh5qsALhKsYfyHWzEJSqxZ66J;1;11.0;5.0;5.0;;D.5.E;;;;Handlungs-/Themenaspekt;DE;Rechtschreibregeln
101kkrBcFLD7zcvbXw8g36Fxw2WpABStt;1;11.0;1.0;4.0;1.0;D.1.D.1;;;;Kompetenz;DE;Die Schülerinnen und Schüler können ihr Hörverhalten und ihr Hörinteresse reflektieren.
101kkgnb3AY2nvM44mVd2a8EqDeCLka8w;1;11.0;2.0;4.0;1.0;D.2.D.1;;;;Kompetenz;DE;Die Schülerinnen und Schüler können ihr Leseverhalten und ihre Leseinteressen reflektieren.
101kkCWZ76VAzXttG5P9uGCWPe7hK4GFT;1;11.0;3.0;1.0;1.0;D.3.A.1;;;;Kompetenz;DE;Die Schülerinnen und Schüler können ihre Sprechmotorik, Artikulation, Stimmführung angemessen nutzen. Sie können ihren produktiven Wortschatz und Satzmuster aktivieren, um angemessen flüssig zu sprechen.
101kkVf4RptkGteGBmzqNarVvFdVWsPwk;1;11.0;3.0;4.0;1.0;D.3.D.1;;;;Kompetenz;DE;Die Schülerinnen und Schüler können ihr Sprech-, Präsentations- und Gesprächsverhalten reflektieren.
101kkwHfJKERCuCSz8nzHr5CrHPpnrDzS;1;11.0;4.0;1.0;1.0;D.4.A.1;;;;Kompetenz;DE;Die Schülerinnen und Schüler können in einer persönlichen Handschrift leserlich und geläufig schreiben und die Tastatur geläufig nutzen. Sie entwickeln eine ausreichende Schreibflüssigkeit, um genügend Kapazität für die höheren Schreibprozesse zu haben. Sie können ihren produktiven Wortschatz und Satzmuster aktivieren, um flüssig formulieren und schreiben zu können.
101kkcVEX9F9CrGv4BttZU9rckFErKSzh;1;11.0;4.0;2.0;1.0;D.4.B.1;;;;Kompetenz;DE;Die Schülerinnen und Schüler kennen vielfältige Textmuster und können sie entsprechend ihrem Schreibziel in Bezug auf Struktur, Inhalt, Sprache und Form für die eigene Textproduktion nutzen.
101kkxEvc9enAcVvzhA63ANMxuVKJpSHR;1;11.0;4.0;4.0;1.0;D.4.D.1;;;;Kompetenz;DE;Die Schülerinnen und Schüler können ihre Ideen und Gedanken in eine sinnvolle und verständliche Abfolge bringen. Sie können in einen Schreibfluss kommen und ihre Formulierungen auf ihr Schreibziel ausrichten.
101kknkcxqWz6emBFftLs9dZChbwVEAre;1;11.0;5.0;1.0;1.0;D.5.A.1;;;;Kompetenz;DE;Die Schülerinnen und Schüler können Sprache erforschen und Sprachen vergleichen.
101kksTUZVUcVKs7RDAC7pgpCxR7YEF8C;1;11.0;5.0;3.0;1.0;D.5.C.1;;;;Kompetenz;DE;Die Schülerinnen und Schüler können Sprachstrukturen in Wörtern und Sätzen untersuchen.
101kkkGeUgy2pNAMfWbW3fRRgVALELzau;1;11.0;5.0;4.0;1.0;D.5.D.1;;;;Kompetenz;DE;Die Schülerinnen und Schüler können Grammatikbegriffe für die Analyse von Sprachstrukturen anwenden.
101RAgrHEc3J5a7qA2MYLN4uWynFsErdf;1;11.0;1.0;1.0;1.0;D.1.A.1.e;1.0;12.0;;Kompetenzstufe;DE;
101qvYG9YXXv9KYYsKfWskUHJTkuqzcmv;1;11.0;1.0;2.0;1.0;D.1.B.1.b;1.0;1.0;;Kompetenzstufe;DE;
101TeNhwXpUdKrMLupbkGvneLX7UA8rX5;1;11.0;1.0;2.0;1.0;D.1.B.1.d;1.0;12.0;;Kompetenzstufe;DE;
101FSZ8k7yAgbvqBaDns7z6hESTFk3zSK;1;11.0;1.0;2.0;1.0;D.1.B.1.e;1.0;2.0;;Kompetenzstufe;DE;
101FrA4U3hwdNJptctekFP9X5XMqUFKXr;1;11.0;1.0;3.0;1.0;D.1.C.1.d;1.0;2.0;;Kompetenzstufe;DE;
101646tyBZ5ARAJyHppVx8nA7fcT2Hcbv;1;11.0;1.0;4.0;1.0;D.1.D.1.d;1.0;3.0;;Kompetenzstufe;DE;
101GrLBWq27rMnsHphtuqFwe8vt2GuGnX;1;11.0;1.0;4.0;1.0;D.1.D.1.e;1.0;3.0;;Kompetenzstufe;DE;
101brvHwyzMKSVtnAKRxgwgrkPV7C5qz7;1;11.0;2.0;1.0;1.0;D.2.A.1.e;1.0;2.0;;Kompetenzstufe;DE;
1013CWUh4HJDbgfFzA694mKTu25pXUzkV;1;11.0;2.0;2.0;1.0;D.2.B.1.e;1.0;2.0;;Kompetenzstufe;DE;
101Tff25JX2quHYgrUr3zVJzHpBPedApf;1;11.0;2.0;2.0;1.0;D.2.B.1.f;1.0;2.0;;Kompetenzstufe;DE;
101htrFLHBpvGcXNLLkPXwTZSh7d79pHd;1;11.0;3.0;2.0;1.0;D.3.B.1.f;1.0;2.0;;Kompetenzstufe;DE;
101nTUPRkHDGxDK8DMUPGfqAqtnRUTS8F;1;11.0;3.0;3.0;1.0;D.3.C.1.i;1.0;3.0;;Kompetenzstufe;DE;
101qeh3sSEDY87LeRfMSD2z4TLDqdkbnb;1;11.0;3.0;4.0;1.0;D.3.D.1.c;1.0;2.0;;Kompetenzstufe;DE;
101LnwLuXLEyL5ETbDCPu38XH7c8AHr2m;1;11.0;3.0;4.0;1.0;D.3.D.1.f;1.0;3.0;;Kompetenzstufe;DE;
101DC65PtwkAAe2NkWdCYkdZGGXtv5R7k;1;11.0;4.0;1.0;1.0;D.4.A.1.a;1.0;1.0;;Kompetenzstufe;DE;
101CB6dc9EhVUJmDPuLsfBqkLRGAsPehF;1;11.0;4.0;1.0;1.0;D.4.A.1.b;1.0;1.0;;Kompetenzstufe;DE;
1014JbVGvddKHG5MgFBdvBCEh9gvReGJd;1;11.0;4.0;1.0;1.0;D.4.A.1.f;1.0;2.0;;Kompetenzstufe;DE;
101qHHwVsPMcDJRFZqVCmAfP5LFyXbc8s;1;11.0;4.0;2.0;1.0;D.4.B.1.b;1.0;1.0;;Kompetenzstufe;DE;
101hehqUzyxycYvCEWndGSuqu5d8MYMUg;1;11.0;4.0;2.0;1.0;D.4.B.1.c;1.0;1.0;;Kompetenzstufe;DE;
1013gXEfA5tSkvx5PGPDZ6Yt2XGCuHMKJ;1;11.0;4.0;2.0;1.0;D.4.B.1.g;1.0;3.0;;Kompetenzstufe;DE;
101s8ZzpaMYuvAfD8SGanhXTs4wDKzSW3;1;11.0;4.0;3.0;1.0;D.4.C.1.g;1.0;3.0;;Kompetenzstufe;DE;
101a9qKmxtK9CXNCU2zRTx87WDS2Z2agc;1;11.0;4.0;3.0;1.0;D.4.C.1.h;1.0;3.0;;Kompetenzstufe;DE;
101pKLFVdY2FD8VW8GyDSSqXDyv9mcTge;1;11.0;4.0;4.0;1.0;D.4.D.1.f;1.0;3.0;;Kompetenzstufe;DE;
101aH4vwBrpHp3SkbxVCTUPJ3rdY5bym5;1;11.0;4.0;5.0;1.0;D.4.E.1.c;1.0;2.0;;Kompetenzstufe;DE;
101bJFSEe9vYUC48fbWFWLk3PNkhn3zCA;1;11.0;4.0;6.0;1.0;D.4.F.1.f;1.0;3.0;;Kompetenzstufe;DE;
101badDzUAm2HKKgMswJFn67WbBhzAb4w;1;11.0;4.0;6.0;1.0;D.4.F.1.g;1.0;3.0;;Kompetenzstufe;DE;
101NNzPqGxgLaDSgufLErkgfP295n34Jv;1;11.0;5.0;1.0;1.0;D.5.A.1.a;1.0;1.0;;Kompetenzstufe;DE;
101LKpBqFRw6uxtGNgBmvbXuHLxkNtztF;1;11.0;5.0;2.0;1.0;D.5.B.1.c;1.0;2.0;;Kompetenzstufe;DE;
101PpRUzs6hkUhK4BCzd6Bf4AtaVTtkFy;1;11.0;5.0;2.0;1.0;D.5.B.1.d;1.0;3.0;;Kompetenzstufe;DE;
101aT3PESsKeK7J99kNGZnhSrXFf5bDkC;1;11.0;5.0;3.0;1.0;D.5.C.1.d;1.0;2.0;;Kompetenzstufe;DE;
101G5fpNdbuJZaJys2eqZVgkhrz3mFWkd;1;11.0;5.0;4.0;1.0;D.5.D.1.c;1.0;2.0;;Kompetenzstufe;DE;
101AJtSwkKVUsABgYTtN38BDszBEFatXc;1;11.0;5.0;4.0;1.0;D.5.D.1.f;1.0;3.0;;Kompetenzstufe;DE;
1017XYHgzTZdZddtx3zxG7ZJq2vPCuHxn;1;11.0;5.0;5.0;1.0;D.5.E.1.b;1.0;1.0;;Kompetenzstufe;DE;
101x7UPc9NvMcpptC8RJsnG68Vy3kDyVL;1;11.0;5.0;5.0;1.0;D.5.E.1.e;1.0;23.0;;Kompetenzstufe;DE;
101atkw9deugJYGBcDELKnLLTkK7EPCPY;1;11.0;5.0;5.0;1.0;D.5.E.1.f;1.0;3.0;;Kompetenzstufe;DE;
101rSUhrErLpmXSsHL3p9cRu329NJZywd;1;11.0;6.0;1.0;1.0;D.6.A.1.f;1.0;23.0;;Kompetenzstufe;DE;
101JbG8AA3STfnB5Vb2TvuPZmnsCgKC3y;1;11.0;6.0;1.0;2.0;D.6.A.2.g;1.0;23.0;;Kompetenzstufe;DE;
1012JPuTL9ckHsqWeENbnHZerfJ3zA8u6;1;11.0;6.0;2.0;1.0;D.6.B.1.e;1.0;3.0;;Kompetenzstufe;DE;
101eMycKymD2V9KWtxrdPqvFVxBXFEvv8;1;11.0;6.0;2.0;1.0;D.6.B.1.f;1.0;3.0;;Kompetenzstufe;DE;
101AERRAkxCb5LEM6fMDZyZ4PcgcmDPb3;1;11.0;6.0;3.0;1.0;D.6.C.1.c;1.0;1.0;;Kompetenzstufe;DE;
101HdNCbeuJh69vq8EF9yZXyk3vVMXsPS;1;11.0;6.0;3.0;1.0;D.6.C.1.d;1.0;12.0;;Kompetenzstufe;DE;
101LYN3T3fRUnGbwygybrgyYSwkCsgkde;1;11.0;6.0;3.0;1.0;D.6.C.1.f;1.0;2.0;;Kompetenzstufe;DE;
101fbNpVqv9R3TePRnCeZECuB4ucv6rEw;5;;;;;MA;;;;Fachbereich;DE;Mathematik
101kbAnkUn9X9c8kz25FN9zFTFaHdAbPb;5;0.0;1.0;;;MA.1;;;;Kompetenzbereich;DE;Zahl und Variable
101kb3Gk8kmtJA26GaVmA2yxcA6XP6bKU;5;0.0;2.0;;;MA.2;;;;Kompetenzbereich;DE;Form und Raum
101haxJq8SCR5k4zwgZSGzmvWUXDHtpEy;5;0.0;3.0;2.0;;MA.3.B;;;;Handlungs-/Themenaspekt;DE;Erforschen und Argumentieren
101kk3Bpqv7eCqwHBETY38BeU9JPNEn3t;5;0.0;1.0;3.0;1.0;MA.1.C.1;;;;Kompetenz;DE;Die Schülerinnen und Schüler können Rechenwege darstellen, beschreiben, austauschen und nachvollziehen.
101kks3PNv77bLe5XHNvhzzUBvdPBnmkw;5;0.0;2.0;1.0;1.0;MA.2.A.1;;;;Kompetenz;DE;Die Schülerinnen und Schüler verstehen und verwenden Begriffe und Symbole.
101kkLWFsCqzS3kqu5p3sP7FzrTqsmLuM;5;0.0;2.0;1.0;2.0;MA.2.A.2;;;;Kompetenz;DE;Die Schülerinnen und Schüler können Figuren und Körper abbilden, zerlegen und zusammensetzen.
101kkKK7frKveVEzneqZwcbE8Dc2yCTpD;5;0.0;3.0;2.0;2.0;MA.3.B.2;;;;Kompetenz;DE;Die Schülerinnen und Schüler können Sachsituationen zur Statistik, Kombinatorik und Wahrscheinlichkeit erforschen, Vermutungen formulieren und überprüfen.
101DffJbYwK9fwqexyGGNMFaUmkDHxd39;5;0.0;1.0;1.0;1.0;MA.1.A.1.a;1.0;1.0;;Kompetenzstufe;DE;
1012ASpUwBy3Avq8Fh6pLaSX6qJA4E9aP;5;0.0;1.0;1.0;1.0;MA.1.A.1.i;1.0;3.0;;Kompetenzstufe;DE;
101bVuh6VdBgHN5Cz8e8GNuD4cNJh6x2p;5;0.0;1.0;1.0;1.0;MA.1.A.1.k;1.0;3.0;;Kompetenzstufe;DE;
1018BLamU9xpPDnMpGtXetta5yP5tvD6K;5;0.0;1.0;1.0;1.0;MA.1.A.1.l;1.0;3.0;;Kompetenzstufe;DE;
1012Fx8bpu6ytz7RtUXmE7AtnvkvRvVXp;5;0.0;1.0;1.0;2.0;MA.1.A.2.a;1.0;1.0;;Kompetenzstufe;DE;
101Zag93PvDhGZydGHDqpJ8PWbV7vH63r;5;0.0;1.0;1.0;2.0;MA.1.A.2.b;1.0;1.0;;Kompetenzstufe;DE;
101adHyYVLMyJW3Mf9uRDdrb2wyAT6N2K;5;0.0;1.0;1.0;2.0;MA.1.A.2.d;1.0;12.0;;Kompetenzstufe;DE;
101fqb9ktWeRDXw36ubuUVSWgnK5DWnJR;5;0.0;1.0;1.0;2.0;MA.1.A.2.f;1.0;2.0;;Kompetenzstufe;DE;
101tLRW4xvunbRb5TfwTddzSsnKWUGRXA;5;0.0;1.0;1.0;2.0;MA.1.A.2.h;1.0;23.0;;Kompetenzstufe;DE;
1017J6SBfwtVNTyD2VCwcbJdt6SD5mwXd;5;0.0;1.0;1.0;2.0;MA.1.A.2.i;1.0;3.0;;Kompetenzstufe;DE;
101L6cza992EUYJA2V2wcbLxy5VnKUux8;5;0.0;1.0;1.0;3.0;MA.1.A.3.a;1.0;1.0;;Kompetenzstufe;DE;
101KAJyFPTXazc5ZEkLNCcVntVnPpEak9;5;0.0;1.0;1.0;3.0;MA.1.A.3.e;1.0;2.0;;Kompetenzstufe;DE;
101gduqqKNcuGW8fbSMvmZX4Xh8sdNUYT;5;0.0;1.0;1.0;4.0;MA.1.A.4.c;1.0;1.0;;Kompetenzstufe;DE;
101L29zWAqmEWpqz7cVscANEWCksTUA5c;5;0.0;1.0;1.0;4.0;MA.1.A.4.d;1.0;12.0;;Kompetenzstufe;DE;
101Nm45xtvuPbTA7s3kJSB9PU827d7HfZ;5;0.0;1.0;1.0;4.0;MA.1.A.4.f;1.0;2.0;;Kompetenzstufe;DE;
101RsFYZkXCyJ3ydVtSH9LHp5ywnBFATJ;5;0.0;1.0;1.0;4.0;MA.1.A.4.g;1.0;2.0;;Kompetenzstufe;DE;
101E8xmhHHgram3LHqgCx2Gwdg3vJ6cPY;5;0.0;1.0;1.0;4.0;MA.1.A.4.i;1.0;3.0;;Kompetenzstufe;DE;
101hBCmcCYA2pa5MBvdww8zSqGyxSgEkC;5;0.0;1.0;2.0;1.0;MA.1.B.1.j;1.0;3.0;;Kompetenzstufe;DE;
101k8XMHqfc5VMGY5YKgAT6m2FgyL7nty;5;0.0;1.0;2.0;2.0;MA.1.B.2.a;1.0;1.0;;Kompetenzstufe;DE;
1018bUXsYwtKK8PZGPkyrdBMywHPKBxJV;5;0.0;1.0;2.0;2.0;MA.1.B.2.c;1.0;1.0;;Kompetenzstufe;DE;
101kvsu6xJqF8FMKfuZuEdUsSqPGAKKSW;5;0.0;1.0;2.0;2.0;MA.1.B.2.d;1.0;12.0;;Kompetenzstufe;DE;
101UEsMTHmEKdvSsAhMgnMrJfcE7RBHWv;5;0.0;1.0;2.0;3.0;MA.1.B.3.c;1.0;2.0;;Kompetenzstufe;DE;
101vu9V9N7u2WRWmacbqnN7AC6G5kNVKp;5;0.0;1.0;2.0;3.0;MA.1.B.3.f;1.0;23.0;;Kompetenzstufe;DE;
101pUrUrHJtqSFHawBVzD2AbS9Pyn3hhP;5;0.0;1.0;3.0;1.0;MA.1.C.1.e;1.0;2.0;;Kompetenzstufe;DE;
101RuZvmGwqsZ6LHSZMztHJmGr7naCXsC;5;0.0;1.0;3.0;1.0;MA.1.C.1.f;1.0;2.0;;Kompetenzstufe;DE;
101sENT6ef3SBnyZpTzhdqV69uTvBsuE5;5;0.0;1.0;3.0;2.0;MA.1.C.2.f;1.0;2.0;;Kompetenzstufe;DE;
101LEtbVUpVAxXh9zzvaGG9S5PqCAqdqW;5;0.0;1.0;3.0;2.0;MA.1.C.2.h;1.0;23.0;;Kompetenzstufe;DE;
101y8NsVTP6MGVEGREXbWpkDCHSb9NXEa;5;0.0;1.0;3.0;2.0;MA.1.C.2.k;1.0;3.0;;Kompetenzstufe;DE;
101GXzCt4dWtzKfEKBRnszNHTG4Rs2JS9;5;0.0;2.0;1.0;1.0;MA.2.A.1.g;1.0;2.0;;Kompetenzstufe;DE;
101HEHU8cR7CS4zGEFwYR98kg3UBdn9Gh;5;0.0;2.0;1.0;2.0;MA.2.A.2.c;1.0;1.0;;Kompetenzstufe;DE;
101FsnZrtDxVH3kh85fYxcqEXz8zwAJJk;5;0.0;2.0;1.0;2.0;MA.2.A.2.d;1.0;2.0;;Kompetenzstufe;DE;
101GXxpzUaZUXXq8Twe6rkG4n93czhy9A;5;0.0;2.0;1.0;2.0;MA.2.A.2.f;1.0;2.0;;Kompetenzstufe;DE;
101hwgqd7JpwEurTCJ5ptBE4wvAR5yKhE;5;0.0;2.0;1.0;2.0;MA.2.A.2.j;1.0;3.0;;Kompetenzstufe;DE;
1012CKL67qaTC7YGNszWZ9NNBg6G2hzdG;5;0.0;2.0;2.0;1.0;MA.2.B.1.g;1.0;2.0;;Kompetenzstufe;DE;
101w6z6pe7ttWBhZdkpvqpqd88FPyTDPx;5;0.0;2.0;2.0;1.0;MA.2.B.1.j;1.0;3.0;;Kompetenzstufe;DE;
101GyMAgBEtDzxYgDuN65amqe4BrJ6DXA;5;0.0;2.0;2.0;2.0;MA.2.B.2.c;1.0;2.0;;Kompetenzstufe;DE;
101BDvPvhvyvqFakTKL6Ep5Bp7vWkSUZN;5;0.0;2.0;2.0;2.0;MA.2.B.2.g;1.0;3.0;;Kompetenzstufe;DE;
101pk9fPLUVLrEB5muaUh259t3W9mv54J;5;0.0;2.0;3.0;1.0;MA.2.C.1.a;1.0;1.0;;Kompetenzstufe;DE;
101KMb6DV6nfvMFqX5ZFLTUEavTt3vPRM;5;0.0;2.0;3.0;1.0;MA.2.C.1.f;1.0;2.0;;Kompetenzstufe;DE;
101mdMCc32pGGLWqF76vwvc9xmsSgHNmp;5;0.0;2.0;3.0;1.0;MA.2.C.1.h;1.0;23.0;;Kompetenzstufe;DE;
101EREuAR9JAXDzKxZAJEhgLB9HxANwd8;5;0.0;2.0;3.0;1.0;MA.2.C.1.j;1.0;3.0;;Kompetenzstufe;DE;
101vSJppqTZwhnwwxNgEMH6fSNVhnJXpb;5;0.0;2.0;3.0;1.0;MA.2.C.1.k;1.0;3.0;;Kompetenzstufe;DE;
101JJFbnX8kyp88U5ePNAraETeeRYG2bd;5;0.0;2.0;3.0;1.0;MA.2.C.1.l;1.0;3.0;;Kompetenzstufe;DE;
101m92SXmWAUx5tauvW9td8kHGJ3XKgYN;5;0.0;2.0;3.0;2.0;MA.2.C.2.a;1.0;1.0;;Kompetenzstufe;DE;
101yMVaTkXmbxSCBeLy4ZUwrg3gawHuVS;5;0.0;2.0;3.0;2.0;MA.2.C.2.b;1.0;1.0;;Kompetenzstufe;DE;
101EwZpMttexHtUMVskFhFHyeTuJKU3du;5;0.0;2.0;3.0;2.0;MA.2.C.2.d;1.0;12.0;;Kompetenzstufe;DE;
101Uf6wsvmvSC8zJFL6gxkGgbeBLchkRw;5;0.0;2.0;3.0;2.0;MA.2.C.2.g;1.0;23.0;;Kompetenzstufe;DE;
1016SPc6GKRZaqyFyEt8JLgfhuTrUx7qg;5;0.0;2.0;3.0;2.0;MA.2.C.2.h;1.0;3.0;;Kompetenzstufe;DE;
101YcxETft2s7gmBDnh9Kr5tdskAnLhrJ;5;0.0;2.0;3.0;3.0;MA.2.C.3.b;1.0;1.0;;Kompetenzstufe;DE;
101dhP4Yp52ryRKrBAvzAAyJRwZ9XvFrn;5;0.0;2.0;3.0;3.0;MA.2.C.3.c;1.0;1.0;;Kompetenzstufe;DE;
101UkT4gUCa7fp6ycWLFVSvwSTAq6ubem;5;0.0;2.0;3.0;3.0;MA.2.C.3.d;1.0;2.0;;Kompetenzstufe;DE;
101XRZY535XT5W7D4GkJzevSEWLqyUyZm;5;0.0;2.0;3.0;4.0;MA.2.C.4.a;1.0;1.0;;Kompetenzstufe;DE;
101vNCLWBeEncM8edKber2zMmWf4EKXKM;5;0.0;2.0;3.0;4.0;MA.2.C.4.b;1.0;1.0;;Kompetenzstufe;DE;
1017zkpeBd2sPgCNCn8zb9JugptGGe38p;5;0.0;2.0;3.0;4.0;MA.2.C.4.f;1.0;2.0;;Kompetenzstufe;DE;
101RBXduKMFL5memZqYtFDPgtggsAZ4Kv;5;0.0;3.0;1.0;1.0;MA.3.A.1.g;1.0;2.0;;Kompetenzstufe;DE;
101DeKLWBVL4Rk2n6hmVf3GLKffyRqX4Y;5;0.0;3.0;1.0;1.0;MA.3.A.1.m;1.0;3.0;;Kompetenzstufe;DE;
101evs4NZPT7H7bY7CnkzHedfR3yc3L8D;5;0.0;3.0;1.0;2.0;MA.3.A.2.e;1.0;2.0;;Kompetenzstufe;DE;
1018HJ86FmkBB84NJqcLcfcaY8crzHHxu;5;0.0;3.0;1.0;2.0;MA.3.A.2.k;1.0;3.0;;Kompetenzstufe;DE;
101Cy4rGdXdTK2ypXPMRtpvrCZSp62H6G;5;0.0;3.0;1.0;3.0;MA.3.A.3.a;1.0;1.0;;Kompetenzstufe;DE;
101MdPRGTmb46tnFmVhb65q8AkZfWhRKG;5;0.0;3.0;1.0;3.0;MA.3.A.3.b;1.0;1.0;;Kompetenzstufe;DE;
1014KsnrV8nT7UAvSHTdwrwrMyAMTZEWT;5;0.0;3.0;1.0;3.0;MA.3.A.3.d;1.0;2.0;;Kompetenzstufe;DE;
101Bt77YtzYEEsf7nVqPTwqrNc3Kruppy;5;0.0;3.0;2.0;2.0;MA.3.B.2.d;1.0;23.0;;Kompetenzstufe;DE;
101Exp3nuWzgF63fPFBGfdcTsxCckKTyB;5;0.0;3.0;2.0;2.0;MA.3.B.2.f;1.0;3.0;;Kompetenzstufe;DE;
101X8U6CtLWRgPRxGrB5Syzxv5SyaaUcu;5;0.0;3.0;3.0;1.0;MA.3.C.1.b;1.0;1.0;;Kompetenzstufe;DE;
101wG7NVzBtst6UTvh4Tm5TGEAym3RtyL;5;0.0;3.0;3.0;2.0;MA.3.C.2.f;1.0;3.0;;Kompetenzstufe;DE;
101ffPWHRKNUdFDK9LRgFbPDLXwTxa4bw;1;11.0;;;;D;;;;Fach;DE;Deutsch
101kbxe4gXVenMup9zbx8t49eAVq5UbCS;1;11.0;1.0;;;D.1;;;;Kompetenzbereich;DE;Hören
101kbFRCNBUfCZM3NCnvpXD6qM4RzYsEc;1;11.0;2.0;;;D.2;;;;Kompetenzbereich;DE;Lesen
101kb5KAKMsCwuuFP8fkwYUckSHyPuzSN;1;11.0;3.0;;;D.3;;;;Kompetenzbereich;DE;Sprechen
101kbe2kcFeBzMT2FXcWPBcMWRwskDdZz;1;11.0;4.0;;;D.4;;;;Kompetenzbereich;DE;Schreiben
101kb2kNKYxnqJEWucpePfhaEg7fcGkg5;1;11.0;6.0;;;D.6;;;;Kompetenzbereich;DE;Literatur im Fokus
101ha84vaNJCEauqzGgN7a5xfumWVXADr;1;11.0;2.0;4.0;;D.2.D;;;;Handlungs-/Themenaspekt;DE;Reflexion über das Leseverhalten
101hak59VzXvL24ATYWAUktSMtrBKr73q;1;11.0;4.0;1.0;;D.4.A;;;;Handlungs-/Themenaspekt;DE;Grundfertigkeiten
101kkCyPE2rfJXNneEavBmgvsWguZymMy;1;11.0;2.0;2.0;1.0;D.2.B.1;;;;Kompetenz;DE;Die Schülerinnen und Schüler können wichtige Informationen aus Sachtexten entnehmen.
101kkb5AYNphnsZs2Cnkhuv2C2aHhyFuf;1;11.0;3.0;2.0;1.0;D.3.B.1;;;;Kompetenz;DE;Die Schülerinnen und Schüler können sich in monologischen Situationen angemessen und verständlich ausdrücken.
101kkz8Mt8w7tpeHrG5pgBaMZyHTASa2C;1;11.0;3.0;3.0;1.0;D.3.C.1;;;;Kompetenz;DE;Die Schülerinnen und Schüler können sich aktiv an einem Dialog beteiligen.
101CrGwDRqePC4zRFTJPk22ZLtRFww8eD;1;11.0;1.0;1.0;1.0;D.1.A.1.a;1.0;1.0;;Kompetenzstufe;DE;
101d5775swvszV6pdqfVLRLpKDF9FfZHq;1;11.0;1.0;1.0;1.0;D.1.A.1.b;1.0;1.0;;Kompetenzstufe;DE;
101gRdZJERzzAhqCyYFM3h3egB5DDtZXK;1;11.0;1.0;1.0;1.0;D.1.A.1.f;1.0;2.0;;Kompetenzstufe;DE;
101awApBVVsCuTm75VNLemkuue6J7yBTz;1;11.0;1.0;1.0;1.0;D.1.A.1.g;1.0;23.0;;Kompetenzstufe;DE;
101bt3PZ5rubxH6LxREd3M7TYryv4cDWM;1;11.0;1.0;3.0;1.0;D.1.C.1.e;1.0;2.0;;Kompetenzstufe;DE;
101yE2UPzq3UttTdadDFuAWXqEutwpbbe;1;11.0;1.0;3.0;1.0;D.1.C.1.g;1.0;3.0;;Kompetenzstufe;DE;
101dvXzqfDht9nk3EYy6sMm9UpUbyx5qN;1;11.0;1.0;4.0;1.0;D.1.D.1.a;1.0;1.0;;Kompetenzstufe;DE;
1014C3G2txfa7nexsWnGVe2wzyCXc7Hkr;1;11.0;1.0;4.0;1.0;D.1.D.1.c;1.0;2.0;;Kompetenzstufe;DE;
101ZLx32K9SDkbN4DqYBZrLsTetaGk8vU;1;11.0;2.0;1.0;1.0;D.2.A.1.c;1.0;1.0;;Kompetenzstufe;DE;
101bHeGstHyhqKs6zcxpVMErkam5Ffr4A;1;11.0;2.0;1.0;1.0;D.2.A.1.d;1.0;12.0;;Kompetenzstufe;DE;
101HNbNUrNHJCS2qHqVyCTdP28xGmqTk2;1;11.0;2.0;1.0;1.0;D.2.A.1.f;1.0;2.0;;Kompetenzstufe;DE;
101dKCzm7R4KxxksTxtP4MT9bFvxBU8Ad;1;11.0;2.0;1.0;1.0;D.2.A.1.g;1.0;23.0;;Kompetenzstufe;DE;
101B2suekawsH9ZrRrXLUZyD6p2KCffY4;1;11.0;2.0;2.0;1.0;D.2.B.1.h;1.0;3.0;;Kompetenzstufe;DE;
101Fn8MpkwPnyrcgfwSRpVqs6azbruVnv;1;11.0;2.0;3.0;1.0;D.2.C.1.b;1.0;1.0;;Kompetenzstufe;DE;
101WqsBHsWSeTta4tyyJ5yz9aHbLkDN3p;1;11.0;2.0;3.0;1.0;D.2.C.1.e;1.0;2.0;;Kompetenzstufe;DE;
101g4HYq3LDGkh4TfY7aXXcSyxXNBuVRf;1;11.0;2.0;3.0;1.0;D.2.C.1.i;1.0;3.0;;Kompetenzstufe;DE;
101mx4AZb7nGeHfKeh5MR4nSFysuzMyJu;1;11.0;2.0;4.0;1.0;D.2.D.1.b;1.0;12.0;;Kompetenzstufe;DE;
101453k5eKU2NsZ42wKMJepNMeqRP22N4;1;11.0;2.0;4.0;1.0;D.2.D.1.c;1.0;2.0;;Kompetenzstufe;DE;
101S3JYnzprNNWZJLWgPE3PADZqJVMMBh;1;11.0;3.0;1.0;1.0;D.3.A.1.e;1.0;3.0;;Kompetenzstufe;DE;
101HDv8Snwq9GtsbtS5rrE99PScgLtYh8;1;11.0;3.0;1.0;1.0;D.3.A.1.f;1.0;3.0;;Kompetenzstufe;DE;
101CShgAMePAPWw4unaDkGfctYbVuc7Ch;1;11.0;3.0;2.0;1.0;D.3.B.1.a;1.0;1.0;;Kompetenzstufe;DE;
101fqZLmUp9hhTXsuxdEb7YCRbcvpsHGH;1;11.0;3.0;3.0;1.0;D.3.C.1.a;1.0;1.0;;Kompetenzstufe;DE;
1014k8ybLBRkqhBL8zLnFc8TSe8aD5dtJ;1;11.0;3.0;3.0;1.0;D.3.C.1.c;1.0;1.0;;Kompetenzstufe;DE;
101aYxZqRWCysCp93ZrM3zbJLDAw2T7Na;1;11.0;3.0;3.0;1.0;D.3.C.1.d;1.0;2.0;;Kompetenzstufe;DE;
101nmzsTxhsUbnFwKtmVkJYCZWWqbUa8m;1;11.0;3.0;3.0;1.0;D.3.C.1.e;1.0;2.0;;Kompetenzstufe;DE;
101E6keGHc4SU3KGxJZMePnCqEayEyc2C;1;11.0;3.0;3.0;1.0;D.3.C.1.f;1.0;23.0;;Kompetenzstufe;DE;
101UnCE7cnaVZDCW6HTZGHTTB8AWr3aeX;1;11.0;3.0;4.0;1.0;D.3.D.1.e;1.0;3.0;;Kompetenzstufe;DE;
102L5VUTDJWRMHC4G6VJ75eK27ZRh5aXw;1;11.0;4.0;1.0;1.0;D.4.A.1.g;1.0;2.0;;Kompetenzstufe;DE;
101VNCaWfZR5TnNr62ryKCcJRrMhCYNKV;1;11.0;4.0;4.0;1.0;D.4.D.1.b;1.0;1.0;;Kompetenzstufe;DE;
101KaEP7Vz6xKFfkdtgpcdGS2uHq6cCVa;1;11.0;4.0;4.0;1.0;D.4.D.1.e;1.0;3.0;;Kompetenzstufe;DE;
101zCam8GkyZqHmqdapUU6LmzPzduMpZs;1;11.0;4.0;6.0;1.0;D.4.F.1.e;1.0;23.0;;Kompetenzstufe;DE;
101CLHB5pxJ2CHcHA9WrnSzdZqqfKrsmU;1;11.0;4.0;7.0;1.0;D.4.G.1.b;1.0;12.0;;Kompetenzstufe;DE;
101hNbKvytHP9x23VX2UwMYeGxtHPqsza;1;11.0;4.0;7.0;1.0;D.4.G.1.f;1.0;3.0;;Kompetenzstufe;DE;
101uaFqkvu75b4HcVUrR4d3TFJGxYWPfX;1;11.0;5.0;1.0;1.0;D.5.A.1.b;1.0;2.0;;Kompetenzstufe;DE;
101n6yxR5hngxvPANp7RBXub57UGNVqef;1;11.0;5.0;3.0;1.0;D.5.C.1.c;1.0;1.0;;Kompetenzstufe;DE;
101vndwc8NM9HZMX25KJZhJCpDS43NVm3;1;11.0;5.0;3.0;1.0;D.5.C.1.e;1.0;3.0;;Kompetenzstufe;DE;
101WpEpDdXCk4fRevS9LpJ7pHEcUzYLUV;1;11.0;5.0;4.0;1.0;D.5.D.1.a;1.0;1.0;;Kompetenzstufe;DE;
101M5ZnAFmAgymTc3CRxwJsEsCqXuJ8LF;1;11.0;5.0;4.0;1.0;D.5.D.1.g;1.0;3.0;;Kompetenzstufe;DE;
101PwaKC9UZstq32kXpAX4k9m49xxMdch;1;11.0;5.0;5.0;1.0;D.5.E.1.a;1.0;1.0;;Kompetenzstufe;DE;
101W3VXE2G4KNF8UGUC5ytEbhRJYNzuL8;1;11.0;6.0;1.0;1.0;D.6.A.1.c;1.0;1.0;;Kompetenzstufe;DE;
101gLv9EBz6gu8xp6zgc6sCKZrucdtvZc;1;11.0;6.0;1.0;1.0;D.6.A.1.d;1.0;2.0;;Kompetenzstufe;DE;
101N4ckVh577Jdbmbfssymp9MJbubwcXf;1;11.0;6.0;1.0;1.0;D.6.A.1.g;1.0;3.0;;Kompetenzstufe;DE;
101LTBURGHgb57YL64Amua7TETrBLnMUH;1;11.0;6.0;1.0;1.0;D.6.A.1.h;1.0;3.0;;Kompetenzstufe;DE;
101mn3NWBrrggy9tbZFhLeN5RSLBtPgur;1;11.0;6.0;1.0;1.0;D.6.A.1.i;1.0;3.0;;Kompetenzstufe;DE;
101HC7BdpGVtGsedADT7VX6ttJUGMsZpc;1;11.0;6.0;1.0;2.0;D.6.A.2.a;1.0;1.0;;Kompetenzstufe;DE;
101mWTdumMeLYh4GtczKUtyNGHVrnJhCq;1;11.0;6.0;1.0;2.0;D.6.A.2.c;1.0;1.0;;Kompetenzstufe;DE;
101ASrCVGvEvXXLzAuXm94raXqZ9YdCW2;1;11.0;6.0;1.0;2.0;D.6.A.2.h;1.0;3.0;;Kompetenzstufe;DE;
101seActE9XTcaZzgZJevCRrKVxwd7xfq;1;11.0;6.0;3.0;1.0;D.6.C.1.b;1.0;1.0;;Kompetenzstufe;DE;
1018xmLnWuGNXuxE748GVRwRwqGx5nBFv;1;11.0;6.0;3.0;1.0;D.6.C.1.e;1.0;2.0;;Kompetenzstufe;DE;
101EWJtRFVfySwAFxDXS89y5abamqMpqB;1;11.0;6.0;3.0;1.0;D.6.C.1.h;1.0;3.0;;Kompetenzstufe;DE;
101harYvTJb4ad2AGUBbTk2CWd7CaVZLH;5;0.0;2.0;2.0;;MA.2.B;;;;Handlungs-/Themenaspekt;DE;Erforschen und Argumentieren
101haLPD9tAFbTfWgJFcDxrn3snutbTTK;5;0.0;3.0;3.0;;MA.3.C;;;;Handlungs-/Themenaspekt;DE;Mathematisieren und Darstellen
101kkLR9NSpSFbZ6xsARLPxBaJNMq2Rfb;5;0.0;1.0;3.0;2.0;MA.1.C.2;;;;Kompetenz;DE;Die Schülerinnen und Schüler können Anzahlen, Zahlenfolgen und Terme veranschaulichen, beschreiben und verallgemeinern.
101kkgZmRMGmamAF3zCgsVW9J8frsqAw3;5;0.0;2.0;2.0;2.0;MA.2.B.2;;;;Kompetenz;DE;Die Schülerinnen und Schüler können Aussagen und Formeln zu geometrischen Beziehungen überprüfen, mit Beispielen belegen und begründen.
101kkeMdA5HS3arx7mkGqdYcGLf8qqMsv;5;0.0;2.0;3.0;1.0;MA.2.C.1;;;;Kompetenz;DE;Die Schülerinnen und Schüler können Körper und räumliche Beziehungen darstellen.
101kkxPqq7fLP6BwcdSgHSu6r6ZsLpKkq;5;0.0;3.0;3.0;3.0;MA.3.C.3;;;;Kompetenz;DE;Die Schülerinnen und Schüler können Terme, Formeln, Gleichungen und Tabellen mit Sachsituationen konkretisieren.
101kzGUvpTkMVLgdT44YF2VaUJhmCf4Gd;5;0.0;1.0;1.0;3.0;MA.1.A.3.g;1.0;23.0;;Kompetenzstufe;DE;
101ZUR26VEn4kuB28yf3d4teNPUvWmE2R;5;0.0;1.0;1.0;4.0;MA.1.A.4.a;1.0;1.0;;Kompetenzstufe;DE;
101arDhXvSPTtrKs9aLh4kzUBvdmTRzVy;5;0.0;1.0;1.0;4.0;MA.1.A.4.l;1.0;3.0;;Kompetenzstufe;DE;
101Gt47XGXuJMAcvuXXX8TpzNSxJ9BUaN;5;0.0;1.0;1.0;4.0;MA.1.A.4.m;1.0;3.0;;Kompetenzstufe;DE;
101xNmcPNnWfmeYfrLVrwhJYZmAnYuEq2;5;0.0;1.0;2.0;1.0;MA.1.B.1.a;1.0;1.0;;Kompetenzstufe;DE;
101xSs3UHrXJfXABhW9AxfUdfggC83Kve;5;0.0;1.0;2.0;1.0;MA.1.B.1.b;1.0;1.0;;Kompetenzstufe;DE;
101TrS9Y3WNTDAYebE4WFSETV7vcRMUZ7;5;0.0;1.0;2.0;1.0;MA.1.B.1.k;1.0;3.0;;Kompetenzstufe;DE;
101txf6ZsnWhR59DFBHW5nKUxRnphPkFu;5;0.0;1.0;2.0;2.0;MA.1.B.2.g;1.0;2.0;;Kompetenzstufe;DE;
101YsGPHrrSbhCxzBkM2Y8KJX6vttGwMy;5;0.0;1.0;2.0;3.0;MA.1.B.3.d;1.0;2.0;;Kompetenzstufe;DE;
101V3HKgvvehukhLPNxAK3DGDwyZ3MWfb;5;0.0;1.0;2.0;3.0;MA.1.B.3.e;1.0;23.0;;Kompetenzstufe;DE;
101u8ErH5LChra8KDZzezs984XTGLq66S;5;0.0;1.0;3.0;1.0;MA.1.C.1.c;1.0;1.0;;Kompetenzstufe;DE;
101GhLgRrVYrKKFdGJdA2h7u6gfx7LP94;5;0.0;1.0;3.0;2.0;MA.1.C.2.b;1.0;1.0;;Kompetenzstufe;DE;
101Aq7zGtwvkBq998pBV9aDsWCeLErxR8;5;0.0;1.0;3.0;2.0;MA.1.C.2.j;1.0;3.0;;Kompetenzstufe;DE;
101ErnhV4bF7e8u8sFx7Lt3AH2Auq2WP9;5;0.0;2.0;1.0;1.0;MA.2.A.1.b;1.0;1.0;;Kompetenzstufe;DE;
101aJd3KrAhDXH8EaqKHLTSzSvhf5Nq9Y;5;0.0;2.0;1.0;1.0;MA.2.A.1.c;1.0;1.0;;Kompetenzstufe;DE;
101ZaEhJhbr22bmFMq5vkds7eXpEy2Fws;5;0.0;2.0;1.0;1.0;MA.2.A.1.e;1.0;2.0;;Kompetenzstufe;DE;
101JT2beZtnawGbAXuF5Td36ScEyv3uvm;5;0.0;2.0;1.0;3.0;MA.2.A.3.f;1.0;23.0;;Kompetenzstufe;DE;
101T47Bbd3vrvq8KDt7bTqZT2q7eFVutP;5;0.0;2.0;1.0;3.0;MA.2.A.3.i;1.0;3.0;;Kompetenzstufe;DE;
101WHZAFydPBVsWSKRxVbDDTJ9S2qrXGZ;5;0.0;2.0;1.0;3.0;MA.2.A.3.j;1.0;3.0;;Kompetenzstufe;DE;
101nfGHUWRtJxAwp5CBU6rNgxfSxfVwBR;5;0.0;2.0;2.0;1.0;MA.2.B.1.i;1.0;3.0;;Kompetenzstufe;DE;
101MJ6NJYCccT2T2XgZx5kMMeuWdqa4Gn;5;0.0;2.0;2.0;1.0;MA.2.B.1.l;1.0;3.0;;Kompetenzstufe;DE;
101YZs4DFdt6YSgeWGmdwq5ztFuD2kNsS;5;0.0;2.0;2.0;2.0;MA.2.B.2.h;1.0;3.0;;Kompetenzstufe;DE;
101WMnyeXLWPJXkWvK7CAeUzXWvF2JFmV;5;0.0;2.0;3.0;1.0;MA.2.C.1.c;1.0;1.0;;Kompetenzstufe;DE;
101ePJMtS3GXNd6YqqMuZufnrWFVm3ZXE;5;0.0;2.0;3.0;1.0;MA.2.C.1.i;1.0;3.0;;Kompetenzstufe;DE;
101AnGYwYJ2td43X5B49HgbERw9p92FBe;5;0.0;2.0;3.0;2.0;MA.2.C.2.c;1.0;1.0;;Kompetenzstufe;DE;
101sFg2S65CuYg9B3z9wGE4CVVBHXUP9w;5;0.0;2.0;3.0;2.0;MA.2.C.2.e;1.0;2.0;;Kompetenzstufe;DE;
101p6dsZfSeXvTGcZ3825gfv4vsWf7wty;5;0.0;2.0;3.0;4.0;MA.2.C.4.e;1.0;2.0;;Kompetenzstufe;DE;
101MEvgVEpwuguRukFxH7ERUUrFwdBn94;5;0.0;2.0;3.0;4.0;MA.2.C.4.j;1.0;3.0;;Kompetenzstufe;DE;
101hCduyEmbEMFh9nTVwbCvUBZWcRvKpG;5;0.0;3.0;1.0;1.0;MA.3.A.1.j;1.0;3.0;;Kompetenzstufe;DE;
101Kqvqt3CYwFpcrLChTU9SzfpnW58HvB;5;0.0;3.0;1.0;1.0;MA.3.A.1.k;1.0;3.0;;Kompetenzstufe;DE;
101etmevHFs7DYkAVxr9b4eMGBgK6fKNg;5;0.0;3.0;1.0;3.0;MA.3.A.3.e;1.0;2.0;;Kompetenzstufe;DE;
101CgCPtvTysf4HJJ74uWcTgZY3EU6yhk;5;0.0;3.0;1.0;3.0;MA.3.A.3.j;1.0;3.0;;Kompetenzstufe;DE;
101zLfvNAXRfNFSnCz5HTgun4URSpaTbh;5;0.0;3.0;1.0;3.0;MA.3.A.3.k;1.0;3.0;;Kompetenzstufe;DE;
101nP56FYN3d2Cnk6qnBfTz795dFSevYV;5;0.0;3.0;2.0;1.0;MA.3.B.1.a;1.0;1.0;;Kompetenzstufe;DE;
101Jv7gy2R5nSh8eEhCqdFYygK5KkX5kU;5;0.0;3.0;2.0;1.0;MA.3.B.1.d;1.0;12.0;;Kompetenzstufe;DE;
101z5LhJTDfd69M7d6zmG8gFyyAg3Hprg;5;0.0;3.0;2.0;1.0;MA.3.B.1.g;1.0;23.0;;Kompetenzstufe;DE;
101CYEJMUFBf8dmJNyPxRfHSvnhRcXFpL;5;0.0;3.0;2.0;1.0;MA.3.B.1.i;1.0;3.0;;Kompetenzstufe;DE;
101tkXzRN8DHADH8tTmdExs7vdcsLLBbX;5;0.0;3.0;2.0;1.0;MA.3.B.1.j;1.0;3.0;;Kompetenzstufe;DE;
101rH4duvAXCNRDTZTvvL79DqTvzENbZ4;5;0.0;3.0;2.0;2.0;MA.3.B.2.c;1.0;2.0;;Kompetenzstufe;DE;
101Rx6c8s9EyfqTDfeRPBB2RS4nFnP8bn;5;0.0;3.0;3.0;1.0;MA.3.C.1.c;1.0;12.0;;Kompetenzstufe;DE;
101FZMVtKzmxr6c73feGPYF8fUKP3M9ZJ;5;0.0;3.0;3.0;1.0;MA.3.C.1.i;1.0;3.0;;Kompetenzstufe;DE;
101uEWtL3TNMBNWfNNwFTqJP5FTXJZXYE;5;0.0;3.0;3.0;2.0;MA.3.C.2.c;1.0;12.0;;Kompetenzstufe;DE;
101DPnLZLA7mNk9VDv52vUbJsuDXT8EEX;5;0.0;3.0;3.0;2.0;MA.3.C.2.h;1.0;3.0;;Kompetenzstufe;DE;
10153XwvB2pX3WC4ESELwsNkLgHJXd7JU;5;0.0;3.0;3.0;3.0;MA.3.C.3.b;1.0;1.0;;Kompetenzstufe;DE;
101D5p9dbmGnT9G2EnN7rzkDvqvd5r9DK;5;0.0;3.0;3.0;3.0;MA.3.C.3.c;1.0;1.0;;Kompetenzstufe;DE;
101m5UhB4VEpxdeSmh8bUcVMNTcVfMNtK;5;0.0;3.0;3.0;3.0;MA.3.C.3.d;1.0;12.0;;Kompetenzstufe;DE;
101Tp72SsUaLAetJt5tEgPFa9shmhKADW;5;0.0;3.0;3.0;3.0;MA.3.C.3.e;1.0;2.0;;Kompetenzstufe;DE;
